-- MySQL dump 10.13  Distrib 5.7.25, for Linux (x86_64)
--
-- Host: edudb.di.uoa.gr    Database: flights
-- ------------------------------------------------------
-- Server version	5.1.51-community

/*!40101 SET @OLD_CHARACTER_SET_CLIENT=@@CHARACTER_SET_CLIENT */;
/*!40101 SET @OLD_CHARACTER_SET_RESULTS=@@CHARACTER_SET_RESULTS */;
/*!40101 SET @OLD_COLLATION_CONNECTION=@@COLLATION_CONNECTION */;
/*!40101 SET NAMES utf8 */;
/*!40103 SET @OLD_TIME_ZONE=@@TIME_ZONE */;
/*!40103 SET TIME_ZONE='+00:00' */;
/*!40014 SET @OLD_UNIQUE_CHECKS=@@UNIQUE_CHECKS, UNIQUE_CHECKS=0 */;
/*!40014 SET @OLD_FOREIGN_KEY_CHECKS=@@FOREIGN_KEY_CHECKS, FOREIGN_KEY_CHECKS=0 */;
/*!40101 SET @OLD_SQL_MODE=@@SQL_MODE, SQL_MODE='NO_AUTO_VALUE_ON_ZERO' */;
/*!40111 SET @OLD_SQL_NOTES=@@SQL_NOTES, SQL_NOTES=0 */;

--
-- Table structure for table `airlines`
--

DROP TABLE IF EXISTS `airlines`;
/*!40101 SET @saved_cs_client     = @@character_set_client */;
/*!40101 SET character_set_client = utf8 */;
CREATE TABLE `airlines` (
  `id` int(11) NOT NULL,
  `name` varchar(45) DEFAULT NULL,
  `alias` varchar(45) DEFAULT NULL,
  `country` varchar(45) DEFAULT NULL,
  `code` varchar(45) DEFAULT NULL,
  `active` char(1) DEFAULT NULL,
  PRIMARY KEY (`id`)
) ENGINE=MyISAM DEFAULT CHARSET=utf8;
/*!40101 SET character_set_client = @saved_cs_client */;

--
-- Dumping data for table `airlines`
--

LOCK TABLES `airlines` WRITE;
/*!40000 ALTER TABLE `airlines` DISABLE KEYS */;
INSERT INTO `airlines` VALUES (21,'Aigle Azur',NULL,'France','ZI','Y'),(24,'American Airlines',NULL,'United States','AA','Y'),(28,'Asiana Airlines',NULL,'Republic of Korea','OZ','Y'),(32,'Afriqiyah Airways',NULL,'Libya','8U','Y'),(83,'Adria Airways',NULL,'Slovenia','JP','Y'),(90,'Air Europa',NULL,'Spain','UX','Y'),(96,'Aegean Airlines',NULL,'Greece','A3','Y'),(130,'Aeroflot Russian Airlines',NULL,'Russia','SU','Y'),(137,'Air France',NULL,'France','AF','Y'),(151,'Air Senegal International',NULL,'Senegal','V7','N'),(214,'Air Berlin',NULL,'Germany','AB','Y'),(218,'Air India Limited',NULL,'India','AI','Y'),(220,'Air Bourbon',NULL,'Reunion','ZB','Y'),(231,'Arkia Israel Airlines',NULL,'Israel','IZ','Y'),(240,'Air One',NULL,'Italy','AP','Y'),(241,'Air Sahara',NULL,'India','S2','Y'),(246,'Amerijet International',NULL,'United States','M6','N'),(321,'AeroMéxico',NULL,'Mexico','AM','Y'),(324,'All Nippon Airways','ANA All Nippon Airways','Japan','NH','Y'),(328,'Air Niugini',NULL,'Papua New Guinea','PX','Y'),(329,'Air Arabia',NULL,'United Arab Emirates','G9','Y'),(333,'Air Baltic',NULL,'Latvia','BT','Y'),(345,'Air New Zealand',NULL,'New Zealand','NZ','Y'),(410,'Aerocondor',NULL,'Portugal','2B','Y'),(412,'Aerolineas Argentinas',NULL,'Argentina','AR','Y'),(439,'Alaska Airlines',NULL,'ALASKA','AS','Y'),(476,'Airlines Of Tasmania',NULL,'Australia','FO','Y'),(491,'Austrian Airlines',NULL,'Austria','OS','Y'),(515,'Avianca - Aerovias Nacionales de Colombia',NULL,'AVIANCA','AV','Y'),(524,'Air Vanuatu',NULL,'Vanuatu','NF','Y'),(543,'Air Bangladesh',NULL,'Bangladesh','B9','Y'),(567,'Air Caraïbes',NULL,'France','TX','Y'),(576,'AirAsia','Air Asia','Malaysia','AK','Y'),(603,'Amaszonas',NULL,'Bolivia','Z8','Y'),(690,'Air Foyle',NULL,'United Kingdom','GS','Y'),(692,'Air Tahiti',NULL,'French Polynesia','VT','Y'),(751,'Air China',NULL,'China','CA','Y'),(794,'Air Algerie',NULL,'Algeria','AH','Y'),(837,'Aer Lingus',NULL,'Ireland','EI','Y'),(879,'Air Pacific',NULL,'Fiji','FJ','Y'),(881,'Atlantic Airways',NULL,'Faroe Islands','RC','Y'),(882,'Air Florida',NULL,'United States','QH','Y'),(921,'Air Greenland',NULL,'Denmark','GL','Y'),(970,'Air Bagan',NULL,'Myanmar','W9','Y'),(1006,'Air Astana',NULL,'Kazakhstan','KC','Y'),(1057,'Air Mauritius',NULL,'Mauritius','MK','Y'),(1066,'Air Madagascar',NULL,'Madagascar','MD','Y'),(1073,'Air Moldova',NULL,'Moldova','9U','Y'),(1173,'Airbus France',NULL,'France','4Y','N'),(1203,'Airlinair',NULL,'France','A5','Y'),(1206,'Aero Lanka',NULL,'Sri Lanka','QL','Y'),(1308,'Airlines PNG',NULL,'Papua New Guinea','CG','Y'),(1316,'AirTran Airways',NULL,'United States','FL','Y'),(1317,'Air Transat',NULL,'Canada','TS','Y'),(1355,'British Airways',NULL,'United Kingdom','BA','Y'),(1422,'Bangkok Airways',NULL,'Thailand','PG','Y'),(1441,'bmibaby',NULL,'United Kingdom','WW','Y'),(1469,'BRA-Transportes Aereos',NULL,'Brazil','7R','N'),(1478,'Belavia Belarusian Airlines',NULL,'Belarus','B2','Y'),(1500,'Metro Batavia',NULL,'Indonesia','7P','Y'),(1539,'Binter Canarias',NULL,'Spain','NT','Y'),(1548,'Bulgaria Air',NULL,'Bulgaria','FB','Y'),(1629,'Cape Air',NULL,'United States','9K','Y'),(1654,'Cargoitalia',NULL,'Italy','2G','N'),(1663,'Caribbean Airlines',NULL,'Trinidad and Tobago','BW','Y'),(1669,'Carpatair',NULL,'Romania','V3','Y'),(1680,'Cathay Pacific',NULL,'Hong Kong SAR of China','CX','Y'),(1683,'Cebu Pacific',NULL,'Philippines','5J','Y'),(1729,'Changan Airlines',NULL,'China','2Z','N'),(1756,'China Airlines',NULL,'Taiwan','CI','Y'),(1758,'China Eastern Airlines',NULL,'China','MU','Y'),(1767,'China Southern Airlines',NULL,'China','CZ','Y'),(1769,'China United Airlines',NULL,'China','HR','Y'),(1775,'Chitaavia',NULL,'Russia','X7','N'),(1790,'City Connexion Airlines',NULL,'Burundi','G3','Y'),(1792,'CityJet',NULL,'Ireland','WX','Y'),(1844,'Comores Airlines',NULL,'Comoros','KR','Y'),(1868,'Condor Flugdienst',NULL,'Germany','DE','Y'),(1886,'Conviasa',NULL,'Venezuela','V0','Y'),(1889,'Copa Airlines',NULL,'Panama','CM','Y'),(1936,'Cubana de Aviación',NULL,'Cuba','CU','Y'),(1946,'Czech Airlines','CSA Czech Airlines','Czech Republic','OK','Y'),(2009,'Delta Air Lines',NULL,'United States','DL','Y'),(2056,'Dragonair',NULL,'DRAGON','KA','Y'),(2091,'EVA Air',NULL,'Taiwan','BR','Y'),(2117,'Eastern Airways',NULL,'United Kingdom','T3','Y'),(2143,'Egyptair',NULL,'Egypt','MS','Y'),(2183,'Emirates','Emirates Airlines','United Arab Emirates','EK','Y'),(2193,'Empresa Ecuatoriana De Aviacion',NULL,'Ecuador','EU','Y'),(2218,'Estonian Air',NULL,'Estonia','OV','Y'),(2222,'Etihad Airways',NULL,'United Arab Emirates','EY','Y'),(2297,'easyJet','EasyJet Airline','United Kingdom','U2','Y'),(2350,'Finnair',NULL,'Finland','AY','Y'),(2354,'First Air',NULL,'Canada','7F','Y'),(2395,'Flightline',NULL,'United Kingdom','B5','Y'),(2439,'Formosa Airlines',NULL,'Taiwan','VY','Y'),(2468,'Frontier Airlines',NULL,'United States','F9','Y'),(2520,'Garuda Indonesia',NULL,'Indonesia','GA','Y'),(2524,'Gazpromavia',NULL,'Russia','4G','Y'),(2538,'Georgian Airways',NULL,'Georgia','A9','Y'),(2547,'Germania',NULL,'Germany','ST','Y'),(2548,'Germanwings',NULL,'Germany','4U','Y'),(2575,'Go Air',NULL,'India','G8','Y'),(2622,'Grupo TACA','TACA','Costa Rica','TA','Y'),(2638,'Gulf Air Bahrain',NULL,'Bahrain','GF','Y'),(2660,'Hainan Airlines',NULL,'China','HU','Y'),(2681,'TUIfly',NULL,'Germany','X3','Y'),(2682,'Hapagfly',NULL,'Germany','HF','Y'),(2684,'Harmony Airways',NULL,'Canada','HQ','N'),(2688,'Hawaiian Airlines',NULL,'United States','HA','Y'),(2822,'Iberia Airlines',NULL,'Spain','IB','Y'),(2835,'Icelandair',NULL,'Iceland','FI','Y'),(2850,'IndiGo Airlines',NULL,'India','6E','Y'),(2857,'Indonesia AirAsia',NULL,'Indonesia','QZ','Y'),(2916,'Intersky',NULL,'Austria','3L','Y'),(2922,'Iran Air',NULL,'Iran','IR','Y'),(2923,'Iran Aseman Airlines',NULL,'Iran','EP','Y'),(2942,'Cargo Plus Aviation',NULL,'United Arab Emirates','8L','Y'),(2987,'Japan Airlines','JAL Japan Airlines','Japan','JL','Y'),(2991,'Jat Airways',NULL,'Serbia','JU','Y'),(3000,'Jet Airways',NULL,'India','9W','Y'),(3026,'Jet2.com',NULL,'United Kingdom','LS','Y'),(3029,'JetBlue Airways',NULL,'United States','B6','Y'),(3052,'Jetstar Airways',NULL,'Australia','JQ','Y'),(3081,'Juneyao Airlines',NULL,'China','HO','Y'),(3090,'KLM Royal Dutch Airlines',NULL,'Netherlands','KL','Y'),(3126,'Kenya Airways',NULL,'Kenya','KQ','Y'),(3163,'Korean Air',NULL,'Republic of Korea','KE','Y'),(3200,'LAN Airlines',NULL,'Chile','LA','Y'),(3233,'Lao Airlines',NULL,'Lao Peoples Democratic Republic','QV','Y'),(3251,'Leeward Islands Air Transport',NULL,'Antigua and Barbuda','LI','Y'),(3258,'Libyan Arab Airlines',NULL,'Libya','LN','Y'),(3290,'Lion Mentari Airlines',NULL,'Indonesia','JT','Y'),(3320,'Lufthansa',NULL,'Germany','LH','Y'),(3342,'L',NULL,'Argentina','MJ','Y'),(3378,'Malaysia Airlines',NULL,'Malaysia','MH','Y'),(3391,'Mandala Airlines',NULL,'Indonesia','RI','Y'),(3392,'Mandarin Airlines',NULL,'Taiwan','AE','Y'),(3463,'Meridiana',NULL,'Italy','IG','Y'),(3574,'NHT Lineas Aereas',NULL,'Brazil','','N'),(3661,'Niki',NULL,'Austria','HG','Y'),(3737,'Norwegian Air Shuttle',NULL,'Norway','DY','Y'),(3740,'Nouvel Air Tunisie',NULL,'Tunisia','BJ','Y'),(3754,'Nas Air',NULL,'Saudi Arabia','XY','Y'),(3764,'Oceanair',NULL,'Brazil','O6','Y'),(3776,'Olympic Airways',NULL,'Greece','OA','Y'),(3778,'Oman Air',NULL,'Oman','WY','Y'),(3865,'Pacific Wings',NULL,'United States','LW','Y'),(3871,'Pakistan International Airlines','PIA Pakistan International','Pakistan','PK','Y'),(3926,'Pegasus Airlines',NULL,'Turkey','PC','Y'),(3952,'Philippine Airlines',NULL,'Philippines','PR','Y'),(3976,'Pinnacle Airlines',NULL,'United States','9E','Y'),(4026,'Potomac Air',NULL,'United States','BK','Y'),(4066,'Proflight Commuter Services',NULL,'Zambia','P0','Y'),(4089,'Qantas','Qantas Airways','Australia','QF','Y'),(4248,'Royal Air Maroc',NULL,'Morocco','AT','Y'),(4255,'Royal Brunei Airlines',NULL,'Brunei','BI','Y'),(4259,'Royal Jordanian',NULL,'Jordan','RJ','Y'),(4292,'Rwandair Express',NULL,'Rwanda','WB','Y'),(4296,'Ryanair',NULL,'Ireland','FR','Y'),(4304,'SATA International',NULL,'Portugal','S4','Y'),(4305,'South African Airways','SAA South African Airways','South Africa','SA','Y'),(4311,'Shaheen Air International',NULL,'Pakistan','NL','Y'),(4319,'Scandinavian Airlines System','SAS Scandinavian Airlines','Sweden','SK','Y'),(4329,'S7 Airlines','Sibir Airlines','Russia','S7','Y'),(4335,'Seaborne Airlines',NULL,'United States','BB','Y'),(4349,'SriLankan Airlines',NULL,'Sri Lanka','UL','Y'),(4375,'Spicejet',NULL,'India','SG','Y'),(4435,'Singapore Airlines',NULL,'Singapore','SQ','Y'),(4438,'Skynet Airlines',NULL,'Ireland','SI','Y'),(4454,'Sriwijaya Air',NULL,'Indonesia','SJ','Y'),(4533,'Saudi Arabian Airlines',NULL,'Saudi Arabia','SV','Y'),(4547,'Southwest Airlines',NULL,'United States','WN','Y'),(4559,'Swiss International Air Lines','Swiss Airlines','Switzerland','LX','Y'),(4573,'SunExpress',NULL,'Turkey','XQ','Y'),(4599,'Shandong Airlines',NULL,'China','SC','Y'),(4608,'Sichuan Airlines',NULL,'China','3U','Y'),(4609,'Shanghai Airlines',NULL,'China','FM','Y'),(4611,'Shenzhen Airlines',NULL,'China','ZH','Y'),(4687,'Spirit Airlines',NULL,'United States','NK','Y'),(4737,'Sky Airline',NULL,'Chile','H2','Y'),(4740,'Skymark Airlines',NULL,'Japan','BC','Y'),(4750,'SilkAir',NULL,'Singapore','MI','Y'),(4797,'Solomon Airlines',NULL,'Solomon Islands','IE','Y'),(4840,'Scat Air','','Kazakhstan','DV','Y'),(4867,'TAM Brazilian Airlines',NULL,'Brazil','JJ','Y'),(4869,'TAP Portugal','TAP Air Portugal','Portugal','TP','Y'),(4870,'Tunisair',NULL,'Tunisia','TU','Y'),(4897,'Thomas Cook Airlines',NULL,'United Kingdom','MT','Y'),(4940,'Thai Airways International',NULL,'Thailand','TG','Y'),(4947,'Thai AirAsia','Thai Air Asia','Thailand','FD','Y'),(4951,'Turkish Airlines',NULL,'Turkey','TK','Y'),(4965,'Twin Jet',NULL,'France','T7','Y'),(5002,'Tiara Air',NULL,'Aruba','3P','Y'),(5013,'Thomsonfly',NULL,'United Kingdom','BY','Y'),(5016,'Tropic Air',NULL,'Belize','PM','Y'),(5039,'Transavia Holland',NULL,'Netherlands','HV','Y'),(5041,'TACV',NULL,'Portugal','VR','Y'),(5067,'Transaero Airlines',NULL,'Russia','UN','Y'),(5188,'TRIP Linhas A',NULL,'Brazil','8R','Y'),(5209,'United Airlines',NULL,'United States','UA','Y'),(5234,'Ural Airlines',NULL,'Russia','U6','Y'),(5265,'US Airways',NULL,'United States','US','Y'),(5281,'Uzbekistan Airways',NULL,'Uzbekistan','HY','Y'),(5282,'Ukraine International Airlines',NULL,'Ukraine','PS','Y'),(5309,'Vietnam Airlines',NULL,'Vietnam','VN','Y'),(5325,'Volaris',NULL,'Mexico','Y4','Y'),(5331,'Virgin America',NULL,'United States','VX','Y'),(5347,'Virgin Atlantic Airways',NULL,'United Kingdom','VS','Y'),(5360,'Virgin Australia',NULL,'Australia','VA','Y'),(5416,'WestJet',NULL,'Canada','WS','Y'),(5439,'Widerøe',NULL,'Norway','WF','Y'),(5461,'Wizz Air',NULL,'Hungary','W6','Y'),(5484,'Xiamen Airlines',NULL,'China','MF','Y'),(5496,'Yemenia',NULL,'Yemen','IY','Y'),(5651,'Royal Air Cambodge','','Cambodia','VJ','Y'),(6557,'Japan Air System','','Japan','JD','Y'),(8745,'Transavia France','','France','TO','Y'),(9531,'Tajik Air','','Tajikistan','7J','Y'),(9541,'Air Mozambique','','Mozambique','TM','Y'),(9666,'Virgin Pacific','','Fiji','VH','Y'),(9809,'Eastar Jet','','South Korea','ZE','Y'),(9818,'Air Arabia Maroc','','Morocco','3O','Y'),(10646,'Birmingham European','','United Kingdom','VB','N'),(10741,'China United','','China','KN','Y'),(10765,'SeaPort Airlines','','United States','K5','Y'),(10955,'MexicanaLink','','Mexico','I6','Y'),(11811,'AlMasria Universal Airlines','','Egypt','UJ','Y'),(11838,'Arik Niger','','Niger','Q9','Y'),(12978,'West Air China','','China','PN','Y'),(13088,'NordStar Airlines','','Russia','Y7','Y'),(13108,'Maldivian','','Maldives','Q2','Y'),(13757,'Wizz Air Ukraine','','Ukraine','WU','Y'),(13983,'Azul','Azul Linhas Aéreas Brasileiras','Brazil','AD','Y'),(14485,'Fly Dubai','','United Arab Emirates','FZ','Y'),(14849,'Aereonautica militare','','Italy','JY','Y'),(15893,'Marysya Airlines','MARYSYA AIRLINES','Russia','M4','Y'),(15999,'China SSS','Chunqiu Airlines','China','9C','Y'),(16133,'Yeti Airways','','Nepal','YT','Y'),(16136,'Caucasus Airlines','','Georgia','NS','Y'),(16508,'Baikotovitchestrian Airlines ','','American Samoa','BU','Y'),(16615,'Mongolian International Air Lines ','Mongol Air ','Mongolia','7M','Y'),(16625,'Papillon Grand Canyon Helicopters','','United States','HI','Y'),(16660,'AeroWorld ','Sovet Air ','Russia','W4','Y'),(16725,'Marusya Airways','Marusya Air','Russia','Y8','Y'),(16726,'Era Alaska','','United States','7H','Y'),(16942,'Mauritania Airlines International','','Mauritania','L6','Y'),(17094,'Senegal Airlines','','Senegal','DN','Y'),(17885,'Interjet (ABC Aerolineas)','','Mexico','4O','Y'),(18232,'BQB Lineas Aereas','Buquebus','Uruguay','5Q','Y'),(18529,'T.J. Air','','United States','TJ','Y'),(18732,'Malindo Air','','Malaysia','OD','Y'),(18825,'Flightlink Tanzania','Flightlink','Tanzania','Z9','Y'),(18944,'Insel Air (7I/INC) (Priv)','','Netherlands Antilles','7I','Y'),(19016,'Apache Air','Apache','United States','ZM','Y'),(19305,'Citilink Indonesia','','Indonesia','QG','Y'),(19676,'Rainbow Air Polynesia','Rainbow Air POL','United States','RX','Y');
/*!40000 ALTER TABLE `airlines` ENABLE KEYS */;
UNLOCK TABLES;

--
-- Table structure for table `airlines_has_airplanes`
--

DROP TABLE IF EXISTS `airlines_has_airplanes`;
/*!40101 SET @saved_cs_client     = @@character_set_client */;
/*!40101 SET character_set_client = utf8 */;
CREATE TABLE `airlines_has_airplanes` (
  `airlines_id` int(11) NOT NULL,
  `airplanes_id` int(11) NOT NULL,
  PRIMARY KEY (`airlines_id`,`airplanes_id`),
  KEY `fk_airlines_has_airplanes_airplanes1_idx` (`airplanes_id`),
  KEY `fk_airlines_has_airplanes_airlines1_idx` (`airlines_id`)
) ENGINE=MyISAM DEFAULT CHARSET=utf8;
/*!40101 SET character_set_client = @saved_cs_client */;

--
-- Dumping data for table `airlines_has_airplanes`
--

LOCK TABLES `airlines_has_airplanes` WRITE;
/*!40000 ALTER TABLE `airlines_has_airplanes` DISABLE KEYS */;
INSERT INTO `airlines_has_airplanes` VALUES (21,467),(24,269),(24,290),(28,98),(28,112),(28,194),(28,293),(28,449),(32,77),(32,144),(32,169),(32,445),(83,217),(83,289),(83,467),(83,471),(90,485),(96,382),(96,401),(96,466),(130,140),(130,215),(130,312),(130,319),(137,360),(137,493),(151,114),(214,120),(214,146),(214,338),(218,192),(218,494),(220,339),(220,418),(231,21),(231,193),(240,54),(240,234),(240,261),(240,263),(240,364),(241,305),(246,24),(246,120),(246,280),(246,289),(321,204),(321,327),(321,366),(321,491),(324,44),(324,120),(324,368),(328,182),(328,202),(328,440),(329,233),(333,275),(333,276),(333,439),(333,440),(345,468),(410,106),(410,237),(410,424),(412,2),(412,246),(439,73),(439,134),(439,172),(439,353),(476,143),(476,342),(491,291),(515,100),(515,135),(524,201),(524,284),(543,47),(543,68),(543,282),(567,76),(567,221),(567,301),(567,302),(576,51),(576,226),(603,61),(603,320),(603,391),(603,406),(603,427),(603,493),(690,333),(692,492),(751,22),(751,88),(751,168),(751,341),(751,343),(751,466),(794,204),(794,405),(837,52),(879,153),(881,114),(881,321),(881,373),(881,405),(882,291),(921,73),(921,158),(921,385),(970,13),(970,93),(970,215),(970,363),(1006,203),(1006,284),(1006,427),(1006,436),(1057,1),(1057,296),(1057,450),(1066,180),(1066,440),(1073,453),(1073,483),(1173,13),(1173,349),(1203,236),(1203,247),(1206,354),(1206,482),(1308,169),(1308,398),(1308,455),(1308,470),(1316,175),(1316,339),(1316,403),(1316,496),(1317,4),(1317,473),(1355,15),(1355,149),(1355,405),(1355,458),(1355,498),(1422,282),(1422,381),(1422,409),(1441,61),(1441,195),(1441,279),(1469,282),(1478,447),(1478,449),(1500,3),(1500,56),(1500,261),(1500,420),(1539,250),(1539,331),(1548,85),(1548,97),(1548,364),(1629,12),(1629,444),(1654,260),(1654,383),(1663,457),(1669,44),(1669,170),(1669,277),(1680,128),(1680,164),(1680,193),(1680,256),(1680,291),(1680,333),(1680,341),(1680,353),(1680,440),(1683,90),(1683,272),(1683,405),(1729,37),(1729,79),(1729,495),(1756,440),(1758,224),(1758,247),(1758,433),(1767,364),(1769,338),(1769,354),(1769,437),(1775,37),(1775,191),(1775,470),(1790,114),(1790,207),(1792,3),(1792,77),(1792,225),(1792,247),(1792,297),(1844,86),(1844,120),(1844,244),(1844,483),(1868,2),(1868,115),(1886,334),(1886,467),(1889,8),(1889,243),(1936,126),(1946,309),(1946,465),(2009,158),(2056,136),(2056,246),(2056,406),(2056,428),(2091,194),(2091,427),(2091,435),(2117,48),(2117,56),(2117,297),(2117,468),(2143,151),(2143,178),(2143,182),(2143,358),(2183,131),(2183,311),(2193,11),(2193,47),(2193,77),(2193,135),(2218,182),(2218,380),(2218,416),(2222,266),(2222,442),(2222,496),(2297,211),(2350,387),(2354,11),(2354,17),(2354,151),(2354,246),(2354,267),(2354,298),(2354,311),(2354,387),(2395,277),(2395,450),(2439,236),(2439,334),(2468,73),(2468,105),(2468,141),(2520,24),(2520,147),(2524,46),(2524,53),(2524,128),(2524,236),(2524,290),(2524,342),(2538,118),(2538,221),(2538,236),(2538,407),(2538,422),(2538,466),(2547,321),(2547,437),(2548,143),(2548,363),(2575,169),(2575,207),(2575,248),(2575,483),(2622,328),(2638,136),(2638,314),(2638,319),(2638,378),(2638,466),(2660,154),(2660,266),(2660,378),(2660,462),(2660,473),(2681,102),(2682,154),(2682,204),(2682,285),(2684,25),(2684,249),(2688,423),(2688,453),(2822,129),(2822,230),(2822,338),(2822,361),(2835,249),(2835,306),(2835,329),(2850,76),(2850,292),(2850,438),(2857,98),(2857,389),(2857,428),(2916,391),(2922,7),(2922,40),(2922,311),(2923,326),(2942,168),(2942,385),(2942,493),(2987,88),(2987,214),(2987,394),(2987,483),(2991,338),(3000,306),(3000,465),(3026,31),(3026,193),(3026,217),(3029,199),(3029,212),(3029,274),(3029,347),(3052,253),(3052,497),(3081,359),(3081,442),(3081,449),(3090,154),(3090,249),(3126,238),(3126,309),(3163,17),(3163,44),(3163,196),(3163,234),(3163,275),(3200,340),(3200,360),(3200,443),(3233,99),(3233,158),(3233,371),(3251,339),(3258,172),(3258,361),(3258,370),(3258,439),(3290,274),(3290,347),(3290,355),(3320,78),(3320,256),(3320,297),(3342,252),(3342,304),(3342,313),(3342,412),(3378,19),(3378,30),(3378,216),(3378,354),(3391,258),(3391,369),(3391,430),(3392,101),(3392,454),(3392,468),(3392,495),(3463,127),(3463,434),(3574,122),(3661,31),(3661,220),(3661,296),(3661,370),(3737,18),(3737,403),(3740,186),(3740,194),(3740,261),(3740,433),(3740,451),(3754,109),(3754,471),(3764,476),(3764,484),(3776,82),(3776,389),(3778,115),(3778,337),(3865,210),(3865,479),(3871,85),(3871,417),(3871,470),(3926,162),(3926,240),(3926,390),(3926,395),(3952,472),(3976,7),(3976,22),(3976,404),(4026,83),(4026,124),(4066,334),(4066,489),(4089,423),(4089,438),(4089,453),(4089,489),(4248,239),(4248,369),(4255,122),(4255,148),(4255,305),(4255,461),(4259,374),(4292,10),(4292,192),(4292,294),(4292,325),(4292,467),(4296,125),(4296,269),(4296,388),(4304,31),(4304,396),(4305,273),(4305,286),(4311,20),(4311,462),(4319,61),(4319,139),(4329,216),(4329,294),(4335,233),(4335,330),(4335,491),(4349,255),(4349,272),(4349,300),(4349,329),(4349,473),(4375,118),(4375,349),(4435,3),(4435,242),(4438,230),(4438,455),(4454,23),(4454,82),(4533,62),(4547,11),(4547,25),(4547,125),(4559,26),(4559,111),(4559,132),(4559,368),(4559,405),(4573,135),(4599,402),(4599,475),(4608,369),(4609,73),(4609,86),(4609,146),(4609,204),(4609,271),(4609,433),(4611,100),(4611,179),(4611,191),(4611,195),(4611,495),(4687,156),(4687,231),(4687,335),(4737,26),(4737,265),(4740,187),(4750,23),(4750,197),(4797,155),(4797,426),(4797,478),(4840,4),(4840,81),(4840,313),(4840,425),(4840,467),(4840,478),(4867,247),(4869,78),(4869,137),(4869,445),(4870,267),(4897,82),(4897,198),(4897,315),(4897,360),(4897,417),(4940,421),(4947,139),(4947,165),(4947,320),(4951,130),(4951,155),(4951,400),(4965,94),(5002,133),(5002,340),(5002,356),(5002,465),(5013,168),(5013,220),(5013,422),(5013,489),(5016,6),(5016,233),(5016,312),(5016,468),(5039,67),(5041,376),(5041,457),(5041,486),(5067,365),(5067,462),(5188,458),(5188,483),(5209,40),(5209,58),(5209,85),(5209,165),(5209,212),(5209,275),(5234,64),(5265,111),(5265,116),(5265,340),(5281,100),(5281,144),(5281,252),(5282,77),(5282,250),(5282,325),(5282,389),(5282,471),(5309,154),(5325,27),(5331,115),(5331,424),(5331,472),(5347,23),(5347,352),(5347,425),(5360,260),(5360,297),(5360,428),(5360,489),(5416,334),(5439,20),(5439,261),(5439,342),(5439,420),(5461,256),(5484,114),(5484,469),(5496,284),(5496,312),(5496,376),(5651,101),(5651,190),(5651,235),(6557,49),(8745,26),(8745,212),(8745,466),(9531,113),(9531,253),(9531,273),(9541,150),(9541,205),(9541,308),(9541,450),(9666,3),(9666,323),(9666,377),(9809,87),(9809,302),(9809,339),(9809,372),(9809,383),(9809,386),(9809,434),(9818,32),(9818,298),(9818,472),(9818,486),(9818,494),(10646,368),(10741,20),(10741,44),(10741,203),(10741,410),(10741,475),(10765,15),(10765,437),(10765,498),(10955,54),(10955,83),(10955,225),(10955,254),(11811,34),(11811,86),(11811,231),(11811,254),(11811,304),(11838,129),(11838,460),(12978,205),(12978,427),(13088,9),(13088,33),(13088,44),(13088,270),(13088,329),(13088,442),(13108,266),(13108,273),(13108,352),(13757,36),(13757,395),(13983,247),(14485,1),(14485,157),(14485,236),(14485,495),(14849,264),(14849,325),(14849,377),(15893,113),(15893,185),(15893,273),(15893,497),(15999,3),(15999,366),(16133,48),(16133,414),(16136,201),(16508,222),(16508,423),(16508,454),(16615,222),(16625,148),(16625,180),(16625,284),(16625,318),(16625,357),(16660,105),(16725,86),(16725,481),(16726,65),(16726,135),(16726,162),(16726,236),(16726,435),(16942,7),(16942,190),(17094,200),(17885,236),(17885,490),(18232,200),(18232,343),(18232,422),(18529,18),(18529,138),(18529,217),(18529,284),(18732,72),(18732,74),(18732,102),(18732,229),(18732,262),(18732,360),(18825,205),(18944,420),(19016,132),(19305,147),(19676,131);
/*!40000 ALTER TABLE `airlines_has_airplanes` ENABLE KEYS */;
UNLOCK TABLES;

--
-- Table structure for table `airplanes`
--

DROP TABLE IF EXISTS `airplanes`;
/*!40101 SET @saved_cs_client     = @@character_set_client */;
/*!40101 SET character_set_client = utf8 */;
CREATE TABLE `airplanes` (
  `id` int(11) NOT NULL,
  `number` varchar(45) DEFAULT NULL,
  `manufacturer` varchar(45) DEFAULT NULL,
  `model` varchar(45) DEFAULT NULL,
  PRIMARY KEY (`id`)
) ENGINE=MyISAM DEFAULT CHARSET=utf8;
/*!40101 SET character_set_client = @saved_cs_client */;

--
-- Dumping data for table `airplanes`
--

LOCK TABLES `airplanes` WRITE;
/*!40000 ALTER TABLE `airplanes` DISABLE KEYS */;
INSERT INTO `airplanes` VALUES (1,'370059','Boeing','737\r'),(2,'316402','Boeing','747\r'),(3,'189741','Boeing','767\r'),(4,'973232','Boeing','777\r'),(6,'720102','Airbus','A318\r'),(7,'410524','Airbus','A319\r'),(8,'408384','Airbus','A320\r'),(9,'118441','Airbus','A321\r'),(10,'714602','Airbus','A330\r'),(11,'110717','Airbus','A340\r'),(12,'207015','Airbus','A350\r'),(13,'373899','Airbus','A380\r'),(15,'942929','Boeing','747\r'),(17,'195057','Boeing','777\r'),(18,'768352','Boeing','787\r'),(19,'601491','Airbus','A318\r'),(20,'687204','Airbus','A319\r'),(21,'121230','Airbus','A320\r'),(22,'949978','Airbus','A321\r'),(23,'899614','Airbus','A330\r'),(24,'494198','Airbus','A340\r'),(25,'591436','Airbus','A350\r'),(26,'652842','Airbus','A380\r'),(27,'672754','Boeing','737\r'),(30,'530974','Boeing','777\r'),(31,'864372','Boeing','787\r'),(32,'613470','Airbus','A318\r'),(33,'487389','Airbus','A319\r'),(34,'671825','Airbus','A320\r'),(36,'783159','Airbus','A330\r'),(37,'610589','Airbus','A340\r'),(40,'264476','Boeing','737\r'),(44,'251715','Boeing','787\r'),(46,'340328','Airbus','A319\r'),(47,'638995','Airbus','A320\r'),(48,'455762','Airbus','A321\r'),(49,'516087','Airbus','A330\r'),(51,'568666','Airbus','A350\r'),(52,'862067','Airbus','A380\r'),(53,'795460','Boeing','737\r'),(54,'325227','Boeing','747\r'),(56,'409977','Boeing','777\r'),(58,'334290','Airbus','A318\r'),(61,'911033','Airbus','A321\r'),(62,'668994','Airbus','A330\r'),(64,'327808','Airbus','A350\r'),(65,'630702','Airbus','A380\r'),(67,'301676','Boeing','747\r'),(68,'848288','Boeing','767\r'),(72,'828800','Airbus','A319\r'),(73,'316869','Airbus','A320\r'),(74,'696713','Airbus','A321\r'),(76,'526337','Airbus','A340\r'),(77,'913931','Airbus','A350\r'),(78,'360820','Airbus','A380\r'),(79,'501593','Boeing','737\r'),(81,'373659','Boeing','767\r'),(82,'590955','Boeing','777\r'),(83,'283378','Boeing','787\r'),(85,'367743','Airbus','A319\r'),(86,'661833','Airbus','A320\r'),(87,'840169','Airbus','A321\r'),(88,'865233','Airbus','A330\r'),(90,'451753','Airbus','A350\r'),(93,'545056','Boeing','747\r'),(94,'618173','Boeing','767\r'),(97,'570035','Airbus','A318\r'),(98,'936242','Airbus','A319\r'),(99,'844255','Airbus','A320\r'),(100,'682491','Airbus','A321\r'),(101,'240377','Airbus','A330\r'),(102,'201131','Airbus','A340\r'),(105,'455145','Boeing','737\r'),(106,'152711','Boeing','747\r'),(109,'234025','Boeing','787\r'),(111,'526122','Airbus','A319\r'),(112,'697939','Airbus','A320\r'),(113,'487134','Airbus','A321\r'),(114,'480009','Airbus','A330\r'),(115,'978414','Airbus','A340\r'),(116,'435005','Airbus','A350\r'),(118,'495853','Boeing','737\r'),(120,'543607','Boeing','767\r'),(122,'918561','Boeing','787\r'),(124,'460498','Airbus','A319\r'),(125,'180422','Airbus','A320\r'),(126,'411483','Airbus','A321\r'),(127,'920004','Airbus','A330\r'),(128,'829258','Airbus','A340\r'),(129,'307718','Airbus','A350\r'),(130,'106282','Airbus','A380\r'),(131,'901873','Boeing','737\r'),(132,'264759','Boeing','747\r'),(133,'946444','Boeing','767\r'),(134,'233515','Boeing','777\r'),(135,'412139','Boeing','787\r'),(136,'418117','Airbus','A318\r'),(137,'968004','Airbus','A319\r'),(138,'813537','Airbus','A320\r'),(139,'529160','Airbus','A321\r'),(140,'237929','Airbus','A330\r'),(141,'383515','Airbus','A340\r'),(143,'529370','Airbus','A380\r'),(144,'600837','Boeing','737\r'),(146,'818813','Boeing','767\r'),(147,'725427','Boeing','777\r'),(148,'388859','Boeing','787\r'),(149,'947099','Airbus','A318\r'),(150,'791632','Airbus','A319\r'),(151,'629729','Airbus','A320\r'),(153,'646713','Airbus','A330\r'),(154,'905816','Airbus','A340\r'),(155,'744413','Airbus','A350\r'),(156,'186457','Airbus','A380\r'),(157,'232833','Boeing','737\r'),(158,'222545','Boeing','747\r'),(162,'966245','Airbus','A318\r'),(164,'234213','Airbus','A320\r'),(165,'864481','Airbus','A321\r'),(168,'829136','Airbus','A350\r'),(169,'280880','Airbus','A380\r'),(170,'290019','Boeing','737\r'),(172,'720299','Boeing','767\r'),(175,'470372','Airbus','A318\r'),(178,'344940','Airbus','A321\r'),(179,'221507','Airbus','A330\r'),(180,'633517','Airbus','A340\r'),(182,'137861','Airbus','A380\r'),(185,'482740','Boeing','767\r'),(186,'433964','Boeing','777\r'),(187,'524029','Boeing','787\r'),(190,'192626','Airbus','A320\r'),(191,'825138','Airbus','A321\r'),(192,'555591','Airbus','A330\r'),(193,'347496','Airbus','A340\r'),(194,'302186','Airbus','A350\r'),(195,'184491','Airbus','A380\r'),(196,'739096','Boeing','737\r'),(197,'945807','Boeing','747\r'),(198,'889214','Boeing','767\r'),(199,'802062','Boeing','777\r'),(200,'604422','Boeing','787\r'),(201,'947010','Airbus','A318\r'),(202,'348787','Airbus','A319\r'),(203,'370045','Airbus','A320\r'),(204,'126522','Airbus','A321\r'),(205,'534402','Airbus','A330\r'),(207,'951829','Airbus','A350\r'),(210,'486265','Boeing','747\r'),(211,'107736','Boeing','767\r'),(212,'569145','Boeing','777\r'),(214,'517998','Airbus','A318\r'),(215,'630251','Airbus','A319\r'),(216,'484964','Airbus','A320\r'),(217,'378752','Airbus','A321\r'),(220,'675981','Airbus','A350\r'),(221,'818521','Airbus','A380\r'),(222,'166494','Boeing','737\r'),(224,'645234','Boeing','767\r'),(225,'487367','Boeing','777\r'),(226,'203229','Boeing','787\r'),(229,'340039','Airbus','A320\r'),(230,'521729','Airbus','A321\r'),(231,'425248','Airbus','A330\r'),(233,'643425','Airbus','A350\r'),(234,'876658','Airbus','A380\r'),(235,'280601','Boeing','737\r'),(236,'395942','Boeing','747\r'),(237,'667943','Boeing','767\r'),(238,'690773','Boeing','777\r'),(239,'136262','Boeing','787\r'),(240,'175718','Airbus','A318\r'),(242,'312277','Airbus','A320\r'),(243,'690415','Airbus','A321\r'),(244,'556094','Airbus','A330\r'),(246,'611413','Airbus','A350\r'),(247,'380983','Airbus','A380\r'),(248,'388460','Boeing','737\r'),(249,'238560','Boeing','747\r'),(250,'679537','Boeing','767\r'),(252,'948079','Boeing','787\r'),(253,'173230','Airbus','A318\r'),(254,'234148','Airbus','A319\r'),(255,'302008','Airbus','A320\r'),(256,'705885','Airbus','A321\r'),(258,'290174','Airbus','A340\r'),(260,'739464','Airbus','A380\r'),(261,'901437','Boeing','737\r'),(262,'857062','Boeing','747\r'),(263,'225958','Boeing','767\r'),(264,'175665','Boeing','777\r'),(265,'747057','Boeing','787\r'),(266,'914060','Airbus','A318\r'),(267,'975835','Airbus','A319\r'),(269,'545881','Airbus','A321\r'),(270,'676787','Airbus','A330\r'),(271,'849943','Airbus','A340\r'),(272,'804122','Airbus','A350\r'),(273,'252285','Airbus','A380\r'),(274,'927061','Boeing','737\r'),(275,'201198','Boeing','747\r'),(276,'744318','Boeing','767\r'),(277,'515533','Boeing','777\r'),(279,'303325','Airbus','A318\r'),(280,'928803','Airbus','A319\r'),(282,'417833','Airbus','A321\r'),(284,'521441','Airbus','A340\r'),(285,'772585','Airbus','A350\r'),(286,'656200','Airbus','A380\r'),(289,'390148','Boeing','767\r'),(290,'215385','Boeing','777\r'),(291,'670044','Boeing','787\r'),(292,'117417','Airbus','A318\r'),(293,'284212','Airbus','A319\r'),(294,'152688','Airbus','A320\r'),(296,'124609','Airbus','A330\r'),(297,'426315','Airbus','A340\r'),(298,'514264','Airbus','A350\r'),(300,'652704','Boeing','737\r'),(301,'906939','Boeing','747\r'),(302,'940826','Boeing','767\r'),(304,'709029','Boeing','787\r'),(305,'692119','Airbus','A318\r'),(306,'374005','Airbus','A319\r'),(308,'863988','Airbus','A321\r'),(309,'484078','Airbus','A330\r'),(311,'159268','Airbus','A350\r'),(312,'481490','Airbus','A380\r'),(313,'974422','Boeing','737\r'),(314,'816400','Boeing','747\r'),(315,'434526','Boeing','767\r'),(318,'960064','Airbus','A318\r'),(319,'805311','Airbus','A319\r'),(320,'214630','Airbus','A320\r'),(321,'748501','Airbus','A321\r'),(323,'597453','Airbus','A340\r'),(325,'988442','Airbus','A380\r'),(326,'295801','Boeing','737\r'),(327,'334925','Boeing','747\r'),(328,'523034','Boeing','767\r'),(329,'282378','Boeing','777\r'),(330,'555426','Boeing','787\r'),(331,'719011','Airbus','A318\r'),(333,'121662','Airbus','A320\r'),(334,'387896','Airbus','A321\r'),(335,'306582','Airbus','A330\r'),(337,'444694','Airbus','A350\r'),(338,'299800','Airbus','A380\r'),(339,'725644','Boeing','737\r'),(340,'518364','Boeing','747\r'),(341,'568388','Boeing','767\r'),(342,'882846','Boeing','777\r'),(343,'623616','Boeing','787\r'),(347,'220608','Airbus','A321\r'),(349,'965142','Airbus','A340\r'),(352,'279481','Boeing','737\r'),(353,'929945','Boeing','747\r'),(354,'525730','Boeing','767\r'),(355,'507073','Boeing','777\r'),(356,'258331','Boeing','787\r'),(357,'861860','Airbus','A318\r'),(358,'838174','Airbus','A319\r'),(359,'484778','Airbus','A320\r'),(360,'847469','Airbus','A321\r'),(361,'170208','Airbus','A330\r'),(363,'477348','Airbus','A350\r'),(364,'213555','Airbus','A380\r'),(365,'845360','Boeing','737\r'),(366,'505659','Boeing','747\r'),(368,'336302','Boeing','777\r'),(369,'728669','Boeing','787\r'),(370,'149836','Airbus','A318\r'),(371,'717528','Airbus','A319\r'),(372,'555200','Airbus','A320\r'),(373,'816504','Airbus','A321\r'),(374,'734844','Airbus','A330\r'),(376,'852564','Airbus','A350\r'),(377,'617774','Airbus','A380\r'),(378,'973193','Boeing','737\r'),(380,'113038','Boeing','767\r'),(381,'212418','Boeing','777\r'),(382,'976356','Boeing','787\r'),(383,'449135','Airbus','A318\r'),(385,'506330','Airbus','A320\r'),(386,'434325','Airbus','A321\r'),(387,'614279','Airbus','A330\r'),(388,'972701','Airbus','A340\r'),(389,'549008','Airbus','A350\r'),(390,'960209','Airbus','A380\r'),(391,'173694','Boeing','737\r'),(394,'199917','Boeing','777\r'),(395,'582239','Boeing','787\r'),(396,'300715','Airbus','A318\r'),(398,'966966','Airbus','A320\r'),(400,'767163','Airbus','A330\r'),(401,'920541','Airbus','A340\r'),(402,'737841','Airbus','A350\r'),(403,'295852','Airbus','A380\r'),(404,'325354','Boeing','737\r'),(405,'576348','Boeing','747\r'),(406,'575054','Boeing','767\r'),(407,'374564','Boeing','777\r'),(409,'404602','Airbus','A318\r'),(410,'714658','Airbus','A319\r'),(412,'468080','Airbus','A321\r'),(414,'208483','Airbus','A340\r'),(416,'941230','Airbus','A380\r'),(417,'692595','Boeing','737\r'),(418,'840194','Boeing','747\r'),(420,'990340','Boeing','777\r'),(421,'545941','Boeing','787\r'),(422,'344369','Airbus','A318\r'),(423,'344446','Airbus','A319\r'),(424,'998913','Airbus','A320\r'),(425,'950120','Airbus','A321\r'),(426,'788983','Airbus','A330\r'),(427,'713029','Airbus','A340\r'),(428,'900034','Airbus','A350\r'),(430,'290533','Boeing','737\r'),(433,'717195','Boeing','777\r'),(434,'412610','Boeing','787\r'),(435,'688484','Airbus','A318\r'),(436,'640130','Airbus','A319\r'),(437,'516822','Airbus','A320\r'),(438,'101965','Airbus','A321\r'),(439,'853808','Airbus','A330\r'),(440,'420811','Airbus','A340\r'),(442,'414375','Airbus','A380\r'),(443,'188600','Boeing','737\r'),(444,'401748','Boeing','747\r'),(445,'331796','Boeing','767\r'),(447,'615092','Boeing','787\r'),(449,'687973','Airbus','A319\r'),(450,'766041','Airbus','A320\r'),(451,'130972','Airbus','A321\r'),(453,'664426','Airbus','A340\r'),(454,'492570','Airbus','A350\r'),(455,'727568','Airbus','A380\r'),(457,'628946','Boeing','747\r'),(458,'315375','Boeing','767\r'),(460,'706430','Boeing','787\r'),(461,'275449','Airbus','A318\r'),(462,'197504','Airbus','A319\r'),(465,'754066','Airbus','A330\r'),(466,'356380','Airbus','A340\r'),(467,'198440','Airbus','A350\r'),(468,'513112','Airbus','A380\r'),(469,'275791','Boeing','737\r'),(470,'949425','Boeing','747\r'),(471,'771939','Boeing','767\r'),(472,'376527','Boeing','777\r'),(473,'196350','Boeing','787\r'),(475,'728002','Airbus','A319\r'),(476,'369941','Airbus','A320\r'),(478,'578257','Airbus','A330\r'),(479,'513868','Airbus','A340\r'),(481,'861076','Airbus','A380\r'),(482,'543944','Boeing','737\r'),(483,'315334','Boeing','747\r'),(484,'560374','Boeing','767\r'),(485,'420230','Boeing','777\r'),(486,'242290','Boeing','787\r'),(489,'328014','Airbus','A320\r'),(490,'693515','Airbus','A321\r'),(491,'438131','Airbus','A330\r'),(492,'919330','Airbus','A340\r'),(493,'452674','Airbus','A350\r'),(494,'276314','Airbus','A380\r'),(495,'500891','Boeing','737\r'),(496,'116465','Boeing','747\r'),(497,'923056','Boeing','767\r'),(498,'663137','Boeing','777\r');
/*!40000 ALTER TABLE `airplanes` ENABLE KEYS */;
UNLOCK TABLES;

--
-- Table structure for table `airports`
--

DROP TABLE IF EXISTS `airports`;
/*!40101 SET @saved_cs_client     = @@character_set_client */;
/*!40101 SET character_set_client = utf8 */;
CREATE TABLE `airports` (
  `id` int(11) NOT NULL,
  `name` varchar(45) DEFAULT NULL,
  `city` varchar(45) DEFAULT NULL,
  `country` varchar(45) DEFAULT NULL,
  `code` varchar(45) DEFAULT NULL,
  PRIMARY KEY (`id`)
) ENGINE=MyISAM DEFAULT CHARSET=utf8;
/*!40101 SET character_set_client = @saved_cs_client */;

--
-- Dumping data for table `airports`
--

LOCK TABLES `airports` WRITE;
/*!40000 ALTER TABLE `airports` DISABLE KEYS */;
INSERT INTO `airports` VALUES (3,'Mount Hagen','Mount Hagen','Papua New Guinea','HGU\r'),(5,'Port Moresby Jacksons Intl','Port Moresby','Papua New Guinea','POM\r'),(16,'Keflavik International Airport','Keflavik','Iceland','KEF\r'),(49,'Edmonton Intl','Edmonton','Canada','YEG\r'),(70,'Hamilton','Hamilton','Canada','YHM\r'),(72,'Hay River','Hay River','Canada','YHY\r'),(73,'Halifax Intl','Halifax','Canada','YHZ\r'),(87,'Kelowna','Kelowna','Canada','YLW\r'),(100,'Ottawa Macdonald Cartier Intl','Ottawa','Canada','YOW\r'),(117,'Greater Moncton Intl','Moncton','Canada','YQM\r'),(120,'Regina Intl','Regina','Canada','YQR\r'),(146,'Pierre Elliott Trudeau Intl','Montreal','Canada','YUL\r'),(156,'Vancouver Intl','Vancouver','Canada','YVR\r'),(161,'Wabush','Wabush','Canada','YWK\r'),(166,'Saskatoon J G Diefenbaker Intl','Saskatoon','Canada','YXE\r'),(178,'Calgary Intl','Calgary','Canada','YYC\r'),(184,'Victoria Intl','Victoria','Canada','YYJ\r'),(192,'Mont Joli','Mont Joli','Canada','YYY\r'),(193,'Lester B Pearson Intl','Toronto','Canada','YYZ\r'),(196,'Yellowknife','Yellowknife','Canada','YZF\r'),(209,'Soummam','Bejaja','Algeria','BJA\r'),(210,'Houari Boumediene','Algier','Algeria','ALG\r'),(220,'Annaba','Annaba','Algeria','AAE\r'),(231,'Es Senia','Oran','Algeria','ORN\r'),(233,'Ghriss','Ghriss','Algeria','MUW\r'),(235,'Biskra','Biskra','Algeria','BSK\r'),(245,'Cadjehoun','Cotonou','Benin','COO\r'),(248,'Kotoka Intl','Accra','Ghana','ACC\r'),(253,'Abidjan Felix Houphouet Boigny Intl','Abidjan','Cote d\'Ivoire','ABJ\r'),(260,'Nnamdi Azikiwe Intl','Abuja','Nigeria','ABV\r'),(273,'Murtala Muhammed','Lagos','Nigeria','LOS\r'),(275,'Port Harcourt Intl','Port Hartcourt','Nigeria','PHC\r'),(280,'Diori Hamani','Niamey','Niger','NIM\r'),(286,'Habib Bourguiba Intl','Monastir','Tunisia','MIR\r'),(287,'Carthage','Tunis','Tunisia','TUN\r'),(293,'Zarzis','Djerba','Tunisia','DJE\r'),(298,'Gnassingbe Eyadema Intl','Lome','Togo','LFW\r'),(299,'Deurne','Antwerp','Belgium','ANR\r'),(302,'Brussels Natl','Brussels','Belgium','BRU\r'),(304,'Brussels South','Charleroi','Belgium','CRL\r'),(309,'Liege','Liege','Belgium','LGG\r'),(310,'Oostende','Ostend','Belgium','OST\r'),(337,'Schonefeld','Berlin','Germany','SXF\r'),(338,'Dresden','Dresden','Germany','DRS\r'),(339,'Erfurt','Erfurt','Germany','ERF\r'),(340,'Frankfurt Main','Frankfurt','Germany','FRA\r'),(342,'Hamburg','Hamburg','Germany','HAM\r'),(344,'Koln Bonn','Cologne','Germany','CGN\r'),(345,'Dusseldorf','Duesseldorf','Germany','DUS\r'),(346,'Franz Josef Strauss','Munich','Germany','MUC\r'),(347,'Nurnberg','Nuernberg','Germany','NUE\r'),(348,'Leipzig Halle','Leipzig','Germany','LEJ\r'),(350,'Stuttgart','Stuttgart','Germany','STR\r'),(351,'Tegel','Berlin','Germany','TXL\r'),(352,'Hannover','Hannover','Germany','HAJ\r'),(355,'Frankfurt Hahn','Hahn','Germany','HHN\r'),(373,'Dortmund','Dortmund','Germany','DTM\r'),(382,'Friedrichshafen','Friedrichshafen','Germany','FDH\r'),(415,'Tallinn','Tallinn-ulemiste International','Estonia','TLL\r'),(421,'Helsinki Vantaa','Helsinki','Finland','HEL\r'),(428,'Ivalo','Ivalo','Finland','IVL\r'),(465,'Belfast Intl','Belfast','United Kingdom','BFS\r'),(467,'Belfast City','Belfast','United Kingdom','BHD\r'),(469,'Birmingham','Birmingham','United Kingdom','BHX\r'),(478,'Manchester','Manchester','United Kingdom','MAN\r'),(488,'Cardiff','Cardiff','United Kingdom','CWL\r'),(490,'Bristol','Bristol','United Kingdom','BRS\r'),(492,'Luton','London','United Kingdom','LTN\r'),(499,'Jersey','Jersey','Jersey','JER\r'),(502,'Heathrow','London','United Kingdom','LHR'),(503,'City','London','United Kingdom','LCY\r'),(507,'London Gatwick','London','United Kingdom','LGW'),(514,'Blackpool','Blackpool','United Kingdom','BLK\r'),(517,'Leeds Bradford','Leeds','United Kingdom','LBA\r'),(520,'Isle Of Man','Isle Of Man','Isle of Man','IOM\r'),(521,'Newcastle','Newcastle','United Kingdom','NCL\r'),(523,'Nottingham East Midlands','East Midlands','United Kingdom','EMA\r'),(532,'Dyce','Aberdeen','United Kingdom','ABZ\r'),(534,'Glasgow','Glasgow','United Kingdom','GLA\r'),(535,'Edinburgh','Edinburgh','United Kingdom','EDI\r'),(541,'Stornoway','Stornoway','United Kingdom','SYY\r'),(548,'Stansted','London','United Kingdom','STN\r'),(580,'Schiphol','Amsterdam','Netherlands','AMS\r'),(582,'Maastricht','Maastricht','Netherlands','MST\r'),(585,'Eindhoven','Eindhoven','Netherlands','EIN\r'),(599,'Dublin','Dublin','Ireland','DUB\r'),(603,'Shannon','Shannon','Ireland','SNN\r'),(609,'Kastrup','Copenhagen','Denmark','CPH\r'),(629,'Luxembourg','Luxemburg','Luxembourg','LUX\r'),(635,'Bodo','Bodo','Norway','BOO\r'),(636,'Flesland','Bergen','Norway','BGO\r'),(641,'Evenes','Harstad/Narvik','Norway','EVE\r'),(644,'Gardermoen','Oslo','Norway','OSL\r'),(647,'Kvernberget','Kristiansund','Norway','KSU\r'),(649,'Hoybuktmoen','Kirkenes','Norway','KKN\r'),(651,'Aro','Molde','Norway','MOL\r'),(652,'Kjaerstad','Mosjoen','Norway','MJF\r'),(659,'Geiteryggen','Skien','Norway','SKE\r'),(663,'Langnes','Tromso','Norway','TOS\r'),(664,'Torp','Sandefjord','Norway','TRF\r'),(665,'Vaernes','Trondheim','Norway','TRD\r'),(666,'Sola','Stavanger','Norway','SVG\r'),(668,'Lech Walesa','Gdansk','Poland','GDN\r'),(669,'Balice','Krakow','Poland','KRK\r'),(679,'Okecie','Warsaw','Poland','WAW\r'),(680,'Strachowice','Wroclaw','Poland','WRO\r'),(691,'Save','Gothenborg','Sweden','GSE\r'),(699,'Skavsta','Stockholm','Sweden','NYO\r'),(737,'Arlanda','Stockholm','Sweden','ARN\r'),(742,'Saab','Linkoeping','Sweden','LPI\r'),(799,'Durban Intl','Durban','South Africa','DUR\r'),(811,'Hoedspruit Afb','Hoedspruit','South Africa','HDS\r'),(813,'Johannesburg Intl','Johannesburg','South Africa','JNB\r'),(891,'Malabo','Malabo','Equatorial Guinea','SSG\r'),(893,'Sir Seewoosagur Ramgoolam Intl','Plaisance','Mauritius','MRU\r'),(897,'Douala','Douala','Cameroon','DLA\r'),(907,'Lusaka Intl','Lusaka','Zambia','LUN\r'),(916,'St Denis Gillot','St.-denis','Reunion','RUN\r'),(918,'Ivato','Antananarivo','Madagascar','TNR\r'),(970,'Leon M Ba','Libreville','Gabon','LBV\r'),(974,'Beira','Beira','Mozambique','BEW\r'),(979,'Maputo','Maputo','Mozambique','MPM\r'),(994,'Seychelles Intl','Mahe','Seychelles','SEZ\r'),(1004,'Victoria Falls Intl','Victoria Falls','Zimbabwe','VFA\r'),(1005,'Harare Intl','Harare','Zimbabwe','HRE\r'),(1013,'Chileka Intl','Blantyre','Malawi','BLZ\r'),(1016,'Kamuzu Intl','Lilongwe','Malawi','LLW\r'),(1020,'Ndjili Intl','Kinshasa','Congo (Kinshasa)','FIH\r'),(1038,'Lubumbashi Intl','Lubumashi','Congo (Kinshasa)','FBM\r'),(1043,'Mbuji Mayi','Mbuji-mayi','Congo (Kinshasa)','MJM\r'),(1051,'Fuerteventura','Fuerteventura','Spain','FUE\r'),(1052,'Hierro','Hierro','Spain','VDE\r'),(1053,'La Palma','Santa Cruz De La Palma','Spain','SPC\r'),(1054,'Gran Canaria','Gran Canaria','Spain','LPA\r'),(1055,'Lanzarote','Las Palmas','Spain','ACE\r'),(1056,'Tenerife Sur','Tenerife','Spain','TFS\r'),(1057,'Tenerife Norte','Tenerife','Spain','TFN\r'),(1063,'Monrovia Roberts Intl','Monrovia','Liberia','ROB\r'),(1064,'Inezgane','Agadir','Morocco','AGA\r'),(1074,'Mohammed V Intl','Casablanca','Morocco','CMN\r'),(1075,'Menara','Marrakech','Morocco','RAK\r'),(1077,'Ouarzazate','Ouarzazate','Morocco','OZZ\r'),(1084,'Leopold Sedar Senghor Intl','Dakar','Senegal','DKR\r'),(1094,'Nouakchott','Nouakschott','Mauritania','NKC\r'),(1102,'Amilcar Cabral Intl','Amilcar Cabral','Cape Verde','SID\r'),(1103,'Rabil','Boa Vista','Cape Verde','BVC\r'),(1120,'Bujumbura Intl','Bujumbura','Burundi','BJM\r'),(1128,'Cairo Intl','Cairo','Egypt','CAI\r'),(1130,'Hurghada Intl','Hurghada','Egypt','HRG\r'),(1132,'Luxor Intl','Luxor','Egypt','LXR\r'),(1144,'Lamu Manda','Lamu','Kenya','LAU\r'),(1147,'Nairobi Wilson','Nairobi','Kenya','WIL\r'),(1154,'Benina','Benghazi','Libya','BEN\r'),(1157,'Tripoli Intl','Tripoli','Libya','TIP\r'),(1165,'Kigali Intl','Kigali','Rwanda','KGL\r'),(1175,'Khartoum','Khartoum','Sudan','KRT\r'),(1187,'Entebbe Intl','Entebbe','Uganda','EBB\r'),(1190,'Tirana Rinas','Tirana','Albania','TIA\r'),(1194,'Sofia','Sofia','Bulgaria','SOF\r'),(1200,'Dubrovnik','Dubrovnik','Croatia','DBV\r'),(1203,'Pula','Pula','Croatia','PUY\r'),(1206,'Split','Split','Croatia','SPU\r'),(1212,'Alicante','Alicante','Spain','ALC\r'),(1214,'Asturias','Aviles','Spain','OVD\r'),(1218,'Barcelona','Barcelona','Spain','BCN\r'),(1220,'A Coruna','La Coruna','Spain','LCG\r'),(1222,'Girona','Gerona','Spain','GRO\r'),(1225,'Ibiza','Ibiza','Spain','IBZ\r'),(1229,'Barajas','Madrid','Spain','MAD\r'),(1230,'Malaga','Malaga','Spain','AGP\r'),(1231,'Menorca','Menorca','Spain','MAH\r'),(1236,'Reus','Reus','Spain','REU\r'),(1246,'Valencia','Valencia','Spain','VLC\r'),(1251,'Santander','Santander','Spain','SDR\r'),(1253,'Sevilla','Sevilla','Spain','SVQ\r'),(1264,'Merignac','Bordeaux','France','BOD\r'),(1270,'Bellegarde','Limoges','France','LIG\r'),(1273,'Blagnac','Toulouse','France','TLS\r'),(1276,'Lourdes','Tarbes','France','LDE\r'),(1280,'Anglet','Biarritz-bayonne','France','BIQ\r'),(1321,'Poretta','Bastia','France','BIA\r'),(1322,'Saint Catherine','Calvi','France','CLY\r'),(1324,'Campo Dell Oro','Ajaccio','France','AJA\r'),(1330,'Auvergne','Clermont-Ferrand','France','CFE\r'),(1335,'Saint Exupery','Lyon','France','LYS\r'),(1352,'Salvaza','Carcassonne','France','CCF\r'),(1353,'Provence','Marseille','France','MRS\r'),(1354,'Cote D\\\'Azur','Nice','France','NCE\r'),(1359,'Mediterranee','Montpellier','France','MPL\r'),(1367,'Tille','Beauvais','France','BVA\r'),(1371,'Octeville','Le Havre','France','LEH\r'),(1382,'Charles De Gaulle','Paris','France','CDG\r'),(1386,'Orly','Paris','France','ORY\r'),(1399,'Lesquin','Lille','France','LIL\r'),(1418,'Nantes Atlantique','Nantes','France','NTE\r'),(1423,'Bale Mulhouse','Mulhouse','France','MLH\r'),(1435,'Entzheim','Strasbourg','France','SXB\r'),(1448,'Nea Anchialos','Nea Anghialos','Greece','VOL\r'),(1452,'Nikos Kazantzakis','Heraklion','Greece','HER\r'),(1458,'Kos','Kos','Greece','KGS\r'),(1459,'Karpathos','Karpathos','Greece','AOK\r'),(1460,'Ioannis Kapodistrias Intl','Kerkyra/corfu','Greece','CFU\r'),(1461,'Kasos','Kasos','Greece','KSJ\r'),(1464,'Leros','Leros','Greece','LRS\r'),(1472,'Rhodes Diagoras','Rhodos','Greece','RHO\r'),(1474,'Souda','Chania','Greece','CHQ\r'),(1486,'Makedonia','Thessaloniki','Greece','SKG\r'),(1489,'Ferihegy','Budapest','Hungary','BUD\r'),(1506,'Casale','Brindisi','Italy','BDS\r'),(1509,'Catania Fontanarossa','Catania','Italy','CTA\r'),(1517,'Alghero','Alghero','Italy','AHO\r'),(1519,'Elmas','Cagliari','Italy','CAG\r'),(1520,'Olbia Costa Smeralda','Olbia','Italy','OLB\r'),(1524,'Malpensa','Milano','Italy','MXP\r'),(1525,'Bergamo Orio Al Serio','Bergamo','Italy','BGY\r'),(1528,'Genova Sestri','Genoa','Italy','GOA\r'),(1529,'Linate','Milan','Italy','LIN\r'),(1538,'Bologna','Bologna','Italy','BLQ\r'),(1550,'Villafranca','Villafranca','Italy','VRN\r'),(1551,'Venezia Tessera','Venice','Italy','VCE\r'),(1555,'Fiumicino','Rome','Italy','FCO\r'),(1558,'Marina Di Campo','Marina Di Campo','Italy','EBA\r'),(1562,'Pisa','Pisa','Italy','PSA\r'),(1567,'Perugia','Perugia','Italy','PEG\r'),(1569,'Ljubljana','Ljubljana','Slovenia','LJU\r'),(1579,'Karlovy Vary','Karlovy Vary','Czech Republic','KLV\r'),(1582,'Mosnov','Ostrava','Czech Republic','OSR\r'),(1587,'Ruzyne','Prague','Czech Republic','PRG\r'),(1590,'Ben Gurion','Tel-aviv','Israel','TLV\r'),(1596,'Haifa','Haifa','Israel','HFA\r'),(1605,'Sde Dov','Tel-aviv','Israel','SDV\r'),(1606,'Luqa','Malta','Malta','MLA\r'),(1612,'Salzburg','Salzburg','Austria','SZG\r'),(1613,'Schwechat','Vienna','Austria','VIE\r'),(1617,'Santa Maria','Santa Maria (island)','Portugal','SMA\r'),(1626,'Faro','Faro','Portugal','FAO\r'),(1633,'Ponta Delgada','Ponta Delgada','Portugal','PDL\r'),(1636,'Porto','Porto','Portugal','OPO\r'),(1638,'Lisboa','Lisbon','Portugal','LIS\r'),(1652,'Cluj Napoca','Cluj-napoca','Romania','CLJ\r'),(1665,'Geneve Cointrin','Geneva','Switzerland','GVA\r'),(1678,'Zurich','Zurich','Switzerland','ZRH\r'),(1682,'Esenboga','Ankara','Turkey','ESB\r'),(1688,'Antalya','Antalya','Turkey','AYT\r'),(1689,'Oguzeli','Gaziantep','Turkey','GZT\r'),(1701,'Ataturk','Istanbul','Turkey','IST\r'),(1706,'Adnan Menderes','Izmir','Turkey','ADB\r'),(1721,'Elazig','Elazig','Turkey','EZS\r'),(1735,'Chisinau Intl','Chisinau','Moldova','KIV\r'),(1739,'Beograd','Belgrade','Serbia','BEG\r'),(1743,'Tivat','Tivat','Montenegro','TIV\r'),(1754,'Providenciales','Providenciales','Turks and Caicos Islands','PLS\r'),(1759,'Casa De Campo Intl','La Romana','Dominican Republic','LRM\r'),(1761,'Gregorio Luperon Intl','Puerto Plata','Dominican Republic','POP\r'),(1762,'Las Americas Intl','Santo Domingo','Dominican Republic','SDQ\r'),(1780,'Sangster Intl','Montego Bay','Jamaica','MBJ\r'),(1804,'Don Miguel Hidalgo Y Costilla Intl','Guadalajara','Mexico','GDL\r'),(1816,'General Manuel Marquez De Leon Intl','La Paz','Mexico','LAP\r'),(1819,'Licenciado Manuel Crescencio Rejon Int','Merida','Mexico','MID\r'),(1824,'Licenciado Benito Juarez Intl','Mexico City','Mexico','MEX\r'),(1825,'General Mariano Escobedo Intl','Monterrey','Mexico','MTY\r'),(1826,'General Rafael Buelna Intl','Mazatlan','Mexico','MZT\r'),(1836,'Licenciado Gustavo Diaz Ordaz Intl','Puerto Vallarta','Mexico','PVR\r'),(1840,'Los Cabos Intl','San Jose Del Cabo','Mexico','SJD\r'),(1846,'Angel Albino Corzo','Tuxtla Gutierrez','Mexico','TGZ\r'),(1847,'General Abelardo L Rodriguez Intl','Tijuana','Mexico','TIJ\r'),(1852,'Cancun Intl','Cancun','Mexico','CUN\r'),(1853,'C P A Carlos Rovirosa Intl','Villahermosa','Mexico','VSA\r'),(1871,'Tocumen Intl','Panama City','Panama','PTY\r'),(1881,'Daniel Oduber Quiros Intl','Liberia','Costa Rica','LIR\r'),(1892,'El Salvador Intl','San Salvador','El Salvador','SAL\r'),(1897,'Toussaint Louverture Intl','Port-au-prince','Haiti','PAP\r'),(1909,'Jose Marti Intl','Havana','Cuba','HAV\r'),(1918,'Abel Santamaria','Santa Clara','Cuba','SNU\r'),(1923,'Juan Gualberto Gomez Intl','Varadero','Cuba','VRA\r'),(1953,'Lynden Pindling Intl','Nassau','Bahamas','NAS\r'),(1959,'Rarotonga Intl','Avarua','Cook Islands','RAR\r'),(1960,'Nadi Intl','Nandi','Fiji','NAN\r'),(1969,'Faleolo Intl','Faleolo','Samoa','APW\r'),(1987,'Nuku Hiva','Nuku Hiva','French Polynesia','NHV\r'),(1997,'Port Vila Bauerfield','Port-vila','Vanuatu','VLI\r'),(2006,'Auckland Intl','Auckland','New Zealand','AKL\r'),(2042,'Wellington Intl','Wellington','New Zealand','WLG\r'),(2057,'Bahrain Intl','Bahrain','Bahrain','BAH\r'),(2064,'King Fahd Intl','Dammam','Saudi Arabia','DMM\r'),(2072,'King Abdulaziz Intl','Jeddah','Saudi Arabia','JED\r'),(2074,'Prince Mohammad Bin Abdulaziz','Madinah','Saudi Arabia','MED\r'),(2082,'King Khaled Intl','Riyadh','Saudi Arabia','RUH\r'),(2089,'Tabuk','Tabuk','Saudi Arabia','TUU\r'),(2090,'Taif','Taif','Saudi Arabia','TIF\r'),(2106,'Bushehr','Bushehr','Iran','BUZ\r'),(2110,'Bandar Lengeh','Bandar Lengeh','Iran','BDH\r'),(2131,'Mehrabad Intl','Teheran','Iran','THR\r'),(2134,'Bandar Abbass Intl','Bandar Abbas','Iran','BND\r'),(2157,'Shiraz Shahid Dastghaib Intl','Shiraz','Iran','SYZ\r'),(2162,'Tabriz Intl','Tabriz','Iran','TBZ\r'),(2170,'Queen Alia Intl','Amman','Jordan','AMM\r'),(2172,'Aqaba King Hussein Intl','Aqaba','Jordan','AQJ\r'),(2176,'Kuwait Intl','Kuwait','Kuwait','KWI\r'),(2177,'Rafic Hariri Intl','Beirut','Lebanon','BEY\r'),(2179,'Abu Dhabi Intl','Abu Dhabi','United Arab Emirates','AUH\r'),(2188,'Dubai Intl','Dubai','United Arab Emirates','DXB\r'),(2191,'Sharjah Intl','Sharjah','United Arab Emirates','SHJ\r'),(2194,'Seeb Intl','Muscat','Oman','MCT\r'),(2206,'Jinnah Intl','Karachi','Pakistan','KHI\r'),(2207,'Allama Iqbal Intl','Lahore','Pakistan','LHE\r'),(2214,'Multan Intl','Multan','Pakistan','MUX\r'),(2219,'Peshawar Intl','Peshawar','Pakistan','PEW\r'),(2221,'Quetta','Quetta','Pakistan','UET\r'),(2241,'Doha Intl','Doha','Qatar','DOH\r'),(2244,'Francisco C Ada Saipan Intl','Saipan','Northern Mariana Islands','SPN\r'),(2246,'Guam Intl','Agana','Guam','GUM\r'),(2264,'Kaohsiung Intl','Kaohsiung','Taiwan','KHH\r'),(2268,'Ching Chuang Kang','Taichung','Taiwan','RMQ\r'),(2275,'Sungshan','Taipei','Taiwan','TSA\r'),(2276,'Taoyuan Intl','Taipei','Taiwan','TPE\r'),(2279,'Narita Intl','Tokyo','Japan','NRT\r'),(2281,'Hyakuri','Ibaraki','Japan','IBR\r'),(2287,'New Chitose','Sapporo','Japan','CTS\r'),(2288,'Hakodate','Hakodate','Japan','HKD\r'),(2295,'Iki','Iki','Japan','IKI\r'),(2305,'Fukuoka','Fukuoka','Japan','FUK\r'),(2313,'Nagasaki','Nagasaki','Japan','NGS\r'),(2316,'Amami','Amami','Japan','ASJ\r'),(2322,'Komatsu','Kanazawa','Japan','KMQ\r'),(2330,'Yonago Kitaro','Miho','Japan','YGJ\r'),(2334,'Osaka Intl','Osaka','Japan','ITM\r'),(2344,'Hanamaki','Hanamaki','Japan','HNA\r'),(2347,'Sendai','Sendai','Japan','SDJ\r'),(2359,'Tokyo Intl','Tokyo','Japan','HND\r'),(2370,'Jeju Intl','Cheju','South Korea','CJU\r'),(2372,'Gimhae Intl','Busan','South Korea','PUS\r'),(2378,'Gimpo','Seoul','South Korea','GMP\r'),(2384,'Naha','Okinawa','Japan','OKA\r'),(2387,'Ishigaki','Ishigaki','Japan','ISG\r'),(2390,'Miyako','Miyako','Japan','MMY\r'),(2397,'Ninoy Aquino Intl','Manila','Philippines','MNL\r'),(2429,'Iloilo','Iloilo','Philippines','ILO\r'),(2430,'Kalibo','Kalibo','Philippines','KLO\r'),(2442,'Aeroparque Jorge Newbery','Buenos Aires','Argentina','AEP\r'),(2474,'Posadas','Posadas','Argentina','PSS\r'),(2487,'Comodoro Rivadavia','Comodoro Rivadavia','Argentina','CRD\r'),(2496,'Rio Gallegos','Rio Gallegos','Argentina','RGL\r'),(2526,'Val De Cans Intl','Belem','Brazil','BEL\r'),(2531,'Presidente Juscelino Kubitschek','Brasilia','Brazil','BSB\r'),(2537,'Tancredo Neves Intl','Belo Horizonte','Brazil','CNF\r'),(2541,'Forquilhinha','Criciuma','Brazil','CCM\r'),(2548,'Marechal Rondon','Cuiaba','Brazil','CGB\r'),(2551,'Eduardo Gomes Intl','Manaus','Brazil','MAO\r'),(2555,'Hercilio Luz','Florianopolis','Brazil','FLN\r'),(2556,'Fernando De Noronha','Fernando Do Noronha','Brazil','FEN\r'),(2559,'Pinto Martins Intl','Fortaleza','Brazil','FOR\r'),(2560,'Galeao Antonio Carlos Jobim','Rio De Janeiro','Brazil','GIG\r'),(2562,'Santa Genoveva','Goiania','Brazil','GYN\r'),(2564,'Guarulhos Gov Andre Franco Montouro','Sao Paulo','Brazil','GRU\r'),(2566,'Altamira','Altamira','Brazil','ATM\r'),(2569,'Ilheus','Ilheus','Brazil','IOS\r'),(2572,'Prefeito Renato Moreira','Imperatriz','Brazil','IMP\r'),(2578,'Viracopos','Campinas','Brazil','VCP\r'),(2590,'Zumbi Dos Palmares','Maceio','Brazil','MCZ\r'),(2595,'Ministro Victor Konder Intl','Navegantes','Brazil','NVT\r'),(2602,'Lauro Kurtz','Passo Fundo','Brazil','PFB\r'),(2610,'Guararapes Gilberto Freyre Intl','Recife','Brazil','REC\r'),(2618,'Congonhas','Sao Paulo','Brazil','CGH\r'),(2621,'Deputado Luis Eduardo Magalhaes','Salvador','Brazil','SSA\r'),(2633,'Ten Cel Av Cesar Bombonato','Uberlandia','Brazil','UDI\r'),(2635,'Uberaba','Uberaba','Brazil','UBA\r'),(2647,'Carlos Ibanez Del Campo Intl','Punta Arenas','Chile','PUQ\r'),(2650,'Arturo Merino Benitez Intl','Santiago','Chile','SCL\r'),(2656,'Carriel Sur Intl','Concepcion','Chile','CCP\r'),(2665,'El Tepual Intl','Puerto Montt','Chile','PMC\r'),(2699,'Silvio Pettirossi Intl','Asuncion','Paraguay','ASU\r'),(2705,'El Eden','Armenia','Colombia','AXM\r'),(2709,'Eldorado Intl','Bogota','Colombia','BOG\r'),(2714,'Rafael Nunez','Cartagena','Colombia','CTG\r'),(2715,'Alfonso Bonilla Aragon Intl','Cali','Colombia','CLO\r'),(2716,'La Florida','Tumaco','Colombia','TCO\r'),(2731,'Los Garzones','Monteria','Colombia','MTR\r'),(2745,'Jose Maria Cordova','Rio Negro','Colombia','MDE\r'),(2762,'El Alto Intl','La Paz','Bolivia','LPB\r'),(2787,'Andahuaylas','Andahuaylas','Peru','ANS\r'),(2789,'Jorge Chavez Intl','Lima','Peru','LIM\r'),(2802,'Rodriguez Ballon','Arequipa','Peru','AQP\r'),(2844,'Josefa Camejo','Paraguana','Venezuela','LSP\r'),(2846,'La Fria','La Fria','Venezuela','LFR\r'),(2848,'La Chinita Intl','Maracaibo','Venezuela','MAR\r'),(2850,'Del Caribe Intl Gen Santiago Marino','Porlamar','Venezuela','PMV\r'),(2851,'Simon Bolivar Intl','Caracas','Venezuela','CCS\r'),(2856,'General Manuel Carlos Piar','Guayana','Venezuela','PZO\r'),(2877,'Melville Hall','Dominica','Dominica','DOM\r'),(2881,'Le Raizet','Pointe-a-pitre','Guadeloupe','PTP\r'),(2882,'Point Salines Intl','Point Salines','Grenada','GND\r'),(2890,'Luis Munoz Marin Intl','San Juan','Puerto Rico','SJU\r'),(2895,'Reina Beatrix Intl','Oranjestad','Aruba','AUA\r'),(2897,'Hato','Willemstad','Netherlands Antilles','CUR\r'),(2899,'Princess Juliana Intl','Philipsburg','Netherlands Antilles','SXM\r'),(2902,'Piarco','Port-of-spain','Trinidad and Tobago','POS\r'),(2908,'Almaty','Alma-ata','Kazakhstan','ALA\r'),(2910,'Astana Intl','Tselinograd','Kazakhstan','TSE\r'),(2912,'Manas','Bishkek','Kyrgyzstan','FRU\r'),(2913,'Osh','Osh','Kyrgyzstan','OSS\r'),(2916,'Uralsk','Uralsk','Kazakhstan','URA\r'),(2917,'Pavlodar','Pavlodar','Kazakhstan','PWQ\r'),(2918,'Semipalatinsk','Semiplatinsk','Kazakhstan','PLX\r'),(2922,'Heydar Aliyev','Baku','Azerbaijan','GYD\r'),(2923,'Yakutsk','Yakutsk','Russia','YKS\r'),(2927,'Novy','Khabarovsk','Russia','KHV\r'),(6838,'Sawyer International Airport','Marquette','United States','MQT\r'),(2934,'Knevichi','Vladivostok','Russia','VVO\r'),(2936,'Bratsk','Bratsk','Russia','BTK\r'),(2937,'Irkutsk','Irkutsk','Russia','IKT\r'),(2939,'Boryspil Intl','Kiev','Ukraine','KBP\r'),(2944,'Zhuliany Intl','Kiev','Ukraine','IEV\r'),(2945,'Lviv Intl','Lvov','Ukraine','LWO\r'),(2947,'Odesa Intl','Odessa','Ukraine','ODS\r'),(2948,'Pulkovo','St. Petersburg','Russia','LED\r'),(2952,'Khrabrovo','Kaliningrad','Russia','KGD\r'),(2954,'Minsk 2','Minsk 2','Belarus','MSQ\r'),(2958,'Omsk','Omsk','Russia','OMS\r'),(2960,'Pashkovskiy','Krasnodar','Russia','KRR\r'),(2964,'Rostov Na Donu','Rostov','Russia','ROV\r'),(2965,'Sochi','Sochi','Russia','AER\r'),(2967,'Gumrak','Volgograd','Russia','VOG\r'),(2972,'Nizhnevartovsk','Nizhnevartovsk','Russia','NJC\r'),(2974,'Surgut','Surgut','Russia','SGC\r'),(2975,'Koltsovo','Yekaterinburg','Russia','SVX\r'),(2976,'Ashgabat','Ashkhabad','Turkmenistan','ASB\r'),(2979,'Dushanbe','Dushanbe','Tajikistan','DYU\r'),(2980,'Bukhara','Bukhara','Uzbekistan','BHK\r'),(2983,'Yuzhny','Tashkent','Uzbekistan','TAS\r'),(2985,'Sheremetyevo','Moscow','Russia','SVO\r'),(2988,'Vnukovo','Moscow','Russia','VKO\r'),(2992,'Ufa','Ufa','Russia','UFA\r'),(2997,'Chhatrapati Shivaji Intl','Mumbai','India','BOM\r'),(3007,'Goa','Goa','India','GOI\r'),(3015,'Dr Ambedkar Intl','Nagpur','India','NAG\r'),(3017,'Pune','Pune','India','PNQ\r'),(3024,'Bandaranaike Intl Colombo','Colombo','Sri Lanka','CMB\r'),(3035,'Siem Reap','Siem-reap','Cambodia','REP\r'),(3043,'Netaji Subhash Chandra Bose Intl','Kolkata','India','CCU\r'),(3063,'Birsa Munda','Ranchi','India','IXR\r'),(3069,'Shah Amanat Intl','Chittagong','Bangladesh','CGP\r'),(3076,'Zia Intl','Dhaka','Bangladesh','DAC\r'),(3077,'Hong Kong Intl','Hong Kong','Hong Kong','HKG\r'),(3084,'Varanasi','Varanasi','India','VNS\r'),(3093,'Indira Gandhi Intl','Delhi','India','DEL\r'),(3098,'Jaipur','Jaipur','India','JAI\r'),(3100,'Jammu','Jammu','India','IXJ\r'),(3104,'Leh','Leh','India','IXL\r'),(3112,'Srinagar','Srinagar','India','SXR\r'),(3115,'Luang Phabang Intl','Luang Prabang','Laos','LPQ\r'),(3120,'Wattay Intl','Vientiane','Laos','VTE\r'),(3121,'Macau Intl','Macau','Macau','MFM\r'),(3125,'Tribhuvan Intl','Kathmandu','Nepal','KTM\r'),(3131,'Bangalore','Bangalore','India','BLR\r'),(3137,'Calicut','Calicut','India','CCJ\r'),(3141,'Hyderabad','Hyderabad','India','HYD\r'),(3144,'Chennai Intl','Madras','India','MAA\r'),(3146,'Port Blair','Port Blair','India','IXZ\r'),(3153,'Thiruvananthapuram Intl','Trivandrum','India','TRV\r'),(3156,'Male Intl','Male','Maldives','MLE\r'),(3157,'Don Muang Intl','Bangkok','Thailand','DMK\r'),(3177,'Samui','Ko Samui','Thailand','USM\r'),(3179,'Phuket Intl','Phuket','Thailand','HKT\r'),(3199,'Noibai Intl','Hanoi','Vietnam','HAN\r'),(3205,'Tansonnhat Intl','Ho Chi Minh City','Vietnam','SGN\r'),(3222,'Mandalay Intl','Mandalay','Burma','MDL\r'),(3224,'Myitkyina','Myitkyina','Burma','MYT\r'),(3239,'Yangon Intl','Yangon','Burma','RGN\r'),(3240,'Hasanuddin','Ujung Pandang','Indonesia','UPG\r'),(3247,'Jalaluddin','Gorontalo','Indonesia','GTO\r'),(3930,'Incheon Intl','Seoul','South Korea','ICN\r'),(3250,'Sam Ratulangi','Manado','Indonesia','MDC\r'),(3256,'Pattimura','Ambon','Indonesia','AMQ\r'),(3262,'Bintulu','Bintulu','Malaysia','BTU\r'),(3265,'Marudi','Marudi','Malaysia','MUR\r'),(3266,'Miri','Miri','Malaysia','MYY\r'),(3269,'Kota Kinabalu Intl','Kota Kinabalu','Malaysia','BKI\r'),(3272,'Brunei Intl','Bandar Seri Begawan','Brunei','BWN\r'),(3273,'Sultan Syarif Kasim Ii','Pekanbaru','Indonesia','PKU\r'),(3275,'Soekarno Hatta Intl','Jakarta','Indonesia','CGK\r'),(3288,'Fatmawati Soekarno','Bengkulu','Indonesia','BKS\r'),(3304,'Kuala Lumpur Intl','Kuala Lumpur','Malaysia','KUL\r'),(3310,'Presidente Nicolau Lobato Intl','Dili','East Timor','DIL\r'),(3316,'Changi Intl','Singapore','Singapore','SIN\r'),(3319,'Alice Springs','Alice Springs','Australia','ASP\r'),(3320,'Brisbane Intl','Brisbane','Australia','BNE\r'),(3321,'Gold Coast','Coolangatta','Australia','OOL\r'),(3322,'Cairns Intl','Cairns','Australia','CNS\r'),(3328,'Proserpine Whitsunday Coast','Prosserpine','Australia','PPP\r'),(3330,'Townsville','Townsville','Australia','TSV\r'),(3339,'Melbourne Intl','Melbourne','Australia','MEL\r'),(3341,'Adelaide Intl','Adelaide','Australia','ADL\r'),(3351,'Perth Intl','Perth','Australia','PER\r'),(3356,'Coffs Harbour','Coff\'s Harbour','Australia','CFS\r'),(3361,'Sydney Intl','Sydney','Australia','SYD\r'),(3364,'Capital Intl','Beijing','China','PEK\r'),(3366,'Dongshan','Hailar','China','HLD\r'),(3368,'Binhai','Tianjin','China','TSN\r'),(3369,'Wusu','Taiyuan','China','TYN\r'),(3370,'Baiyun Intl','Guangzhou','China','CAN\r'),(3371,'Huanghua','Changcha','China','CSX\r'),(3372,'Liangjiang','Guilin','China','KWL\r'),(3373,'Wuxu','Nanning','China','NNG\r'),(3374,'Baoan Intl','Shenzhen','China','SZX\r'),(3375,'Xinzheng','Zhengzhou','China','CGO\r'),(3376,'Tianhe','Wuhan','China','WUH\r'),(3379,'Xianyang','Xi\'an','China','XIY\r'),(3382,'Wujiaba','Kunming','China','KMG\r'),(3383,'Gaoqi','Xiamen','China','XMN\r'),(3384,'Changbei Intl','Nanchang','China','KHN\r'),(3385,'Changle','Fuzhou','China','FOC\r'),(3386,'Xiaoshan','Hangzhou','China','HGH\r'),(3387,'Lishe','Ninbo','China','NGB\r'),(3388,'Lukou','Nanjing','China','NKG\r'),(3389,'Luogang','Hefei','China','HFE\r'),(3390,'Liuting','Qingdao','China','TAO\r'),(3391,'Hongqiao Intl','Shanghai','China','SHA\r'),(3392,'Laishan','Yantai','China','YNT\r'),(3393,'Jiangbei','Chongqing','China','CKG\r'),(3394,'Longdongbao','Guiyang','China','KWE\r'),(3395,'Shuangliu','Chengdu','China','CTU\r'),(3396,'Qingshan','Xichang','China','XIC\r'),(3397,'Kashi','Kashi','China','KHG\r'),(3399,'Diwopu','Urumqi','China','URC\r'),(3400,'Taiping','Harbin','China','HRB\r'),(3404,'Zhoushuizi','Dalian','China','DLC\r'),(3406,'Pudong','Shanghai','China','PVG\r'),(3408,'Subang-Sultan Abdul Aziz Shah Intl','Kuala Lumpur','Malaysia','SZB\r'),(3410,'Borg El Arab Intl','Alexandria','Egypt','HBE\r'),(3411,'Barter Island Lrrs','Barter Island','United States','BTI\r'),(3420,'Fort Yukon','Fort Yukon','United States','FYU\r'),(3448,'General Edward Lawrence Logan Intl','Boston','United States','BOS\r'),(3453,'Metropolitan Oakland Intl','Oakland','United States','OAK\r'),(3454,'Eppley Afld','Omaha','United States','OMA\r'),(3458,'Kansas City Intl','Kansas City','United States','MCI\r'),(3459,'Dane Co Rgnl Truax Fld','Madison','United States','MSN\r'),(3462,'Phoenix Sky Harbor Intl','Phoenix','United States','PHX\r'),(3469,'San Francisco Intl','San Francisco','United States','SFO\r'),(3473,'Memphis Intl','Memphis','United States','MEM\r'),(3484,'Los Angeles Intl','Los Angeles','United States','LAX\r'),(3486,'Cleveland Hopkins Intl','Cleveland','United States','CLE\r'),(3488,'Cincinnati Northern Kentucky Intl','Cincinnati','United States','CVG\r'),(3494,'Newark Liberty Intl','Newark','United States','EWR\r'),(3502,'Dallas Love Fld','Dallas','United States','DAL\r'),(3504,'Helena Rgnl','Helena','United States','HLN\r'),(3515,'Myrtle Beach Intl','Myrtle Beach','United States','MYR\r'),(3517,'Nantucket Mem','Nantucket','United States','ACK\r'),(3520,'Ronald Reagan Washington Natl','Washington','United States','DCA\r'),(3524,'Atlantic City Intl','Atlantic City','United States','ACY\r'),(3533,'Fort Lauderdale Hollywood Intl','Fort Lauderdale','United States','FLL\r'),(3536,'Salt Lake City Intl','Salt Lake City','United States','SLC\r'),(3542,'Harrisburg Intl','Harrisburg','United States','MDT\r'),(3550,'George Bush Intercontinental','Houston','United States','IAH\r'),(3558,'Meadows Fld','Bakersfield','United States','BFL\r'),(3566,'William P Hobby','Houston','United States','HOU\r'),(3570,'Pittsburgh Intl','Pittsburgh','United States','PIT\r'),(3571,'Wiley Post Will Rogers Mem','Barrow','United States','BRW\r'),(3576,'Miami Intl','Miami','United States','MIA\r'),(3577,'Seattle Tacoma Intl','Seattle','United States','SEA\r'),(3578,'Lovell Fld','Chattanooga','United States','CHA\r'),(3580,'Jackson Evers Intl','Jackson','United States','JAN\r'),(3582,'Long Beach','Long Beach','United States','LGB\r'),(3585,'Indianapolis Intl','Indianapolis','United States','IND\r'),(3589,'Westchester Co','White Plains','United States','HPN\r'),(3608,'Richmond Intl','Richmond','United States','RIC\r'),(3612,'Southeast Texas Rgnl','Beaumont','United States','BPT\r'),(3613,'Savannah Hilton Head Intl','Savannah','United States','SAV\r'),(3615,'Nome','Nome','United States','OME\r'),(3621,'San Antonio Intl','San Antonio','United States','SAT\r'),(3626,'Raleigh Durham Intl','Raleigh-durham','United States','RDU\r'),(3627,'James M Cox Dayton Intl','Dayton','United States','DAY\r'),(3645,'Detroit Metro Wayne Co','Detroit','United States','DTW\r'),(3646,'Tampa Intl','Tampa','United States','TPA\r'),(3652,'Midland Intl','Midland','United States','MAF\r'),(3653,'Austin Straubel Intl','Green Bay','United States','GRB\r'),(3660,'Adams Fld','Little Rock','United States','LIT\r'),(3670,'Dallas Fort Worth Intl','Dallas-Fort Worth','United States','DFW\r'),(3673,'Austin Bergstrom Intl','Austin','United States','AUS\r'),(3678,'Lambert St Louis Intl','St. Louis','United States','STL\r'),(3682,'Hartsfield Jackson Atlanta Intl','Atlanta','United States','ATL\r'),(3690,'Nashville Intl','Nashville','United States','BNA\r'),(3696,'South Arkansas Rgnl At Goodwin Fld','El Dorado','United States','ELD\r'),(3697,'La Guardia','New York','United States','LGA\r'),(3698,'Tallahassee Rgnl','Tallahassee','United States','TLH\r'),(3701,'Augusta State','Augusta','United States','AUG\r'),(3714,'Washington Dulles Intl','Washington','United States','IAD\r'),(3717,'General Mitchell Intl','Milwaukee','United States','MKE\r'),(3719,'Columbia Rgnl','Columbia','United States','COU\r'),(3720,'Portland Intl','Portland','United States','PDX\r'),(3728,'Honolulu Intl','Honolulu','United States','HNL\r'),(3729,'Des Moines Intl','Des Moines','United States','DSM\r'),(3731,'San Diego Intl','San Diego','United States','SAN\r'),(3732,'Monroe Rgnl','Monroe','United States','MLU\r'),(3747,'Chicago Midway Intl','Chicago','United States','MDW\r'),(3748,'Norman Y Mineta San Jose Intl','San Jose','United States','SJC\r'),(3751,'Denver Intl','Denver','United States','DEN\r'),(3752,'Philadelphia Intl','Philadelphia','United States','PHL\r'),(3759,'Port Columbus Intl','Columbus','United States','CMH\r'),(3764,'Edward G Pitka Sr','Galena','United States','GAL\r'),(3774,'Ted Stevens Anchorage Intl','Anchorage','United States','ANC\r'),(3793,'Southwest Florida Intl','Fort Myers','United States','RSW\r'),(3797,'John F Kennedy Intl','New York','United States','JFK\r'),(3807,'Reno Tahoe Intl','Reno','United States','RNO\r'),(3811,'Birmingham Intl','Birmingham','United States','BHM\r'),(3817,'Sacramento Intl','Sacramento','United States','SMF\r'),(3819,'City Of Colorado Springs Muni','Colorado Springs','United States','COS\r'),(3820,'Buffalo Niagara Intl','Buffalo','United States','BUF\r'),(3825,'Bradley Intl','Windsor Locks','United States','BDL\r'),(3830,'Chicago Ohare Intl','Chicago','United States','ORD\r'),(3832,'Fairbanks Intl','Fairbanks','United States','FAI\r'),(3845,'Wilmington Intl','Wilmington','United States','ILM\r'),(3849,'Baltimore Washington Intl','Baltimore','United States','BWI\r'),(3855,'Tulsa Intl','Tulsa','United States','TUL\r'),(3857,'Long Island Mac Arthur','Islip','United States','ISP\r'),(3858,'Minneapolis St Paul Intl','Minneapolis','United States','MSP\r'),(3859,'New Castle','Wilmington','United States','ILG\r'),(3861,'Louis Armstrong New Orleans Intl','New Orleans','United States','MSY\r'),(3867,'John Wayne Arpt Orange Co','Santa Ana','United States','SNA\r'),(3875,'Key West Intl','Key West','United States','EYW\r'),(3876,'Charlotte Douglas Intl','Charlotte','United States','CLT\r'),(3877,'Mc Carran Intl','Las Vegas','United States','LAS\r'),(3878,'Orlando Intl','Orlando','United States','MCO\r'),(3885,'Suvarnabhumi Intl','Bangkok','Thailand','BKK\r'),(3898,'Adi Sutjipto','Yogyakarta','Indonesia','JOG\r'),(3901,'Achmad Yani','Semarang','Indonesia','SRG\r'),(3903,'Hang Nadim','Batam','Indonesia','BTH\r'),(3908,'Syamsudin Noor','Banjarmasin','Indonesia','BDJ\r'),(3914,'H Hasan Aroeboesman','Ende','Indonesia','ENE\r'),(3916,'El Tari','Kupang','Indonesia','KOE\r'),(3919,'Sepinggan','Balikpapan','Indonesia','BPN\r'),(3928,'Juanda','Surabaya','Indonesia','SUB\r'),(3931,'Chiang Mai Intl','Chiang Mai','Thailand','CNX\r'),(3940,'Bali Ngurah Rai','Denpasar','Indonesia','DPS\r'),(3941,'Athens El. Venizelos','Athens','Greece','ATH\r'),(3942,'Chubu Centrair Intl','Nagoya','Japan','NGO\r'),(3943,'Kobe','Kobe','Japan','UKB\r'),(3948,'Monterey Peninsula','Monterey','United States','MRY\r'),(3953,'Riga Intl','Riga','Latvia','RIX\r'),(3959,'Vilnius Intl','Vilnius','Lithuania','VNO\r'),(3964,'Zvartnots','Yerevan','Armenia','EVN\r'),(3973,'Tbilisi','Tbilisi','Georgia','TBS\r'),(3975,'Taiz Intl','Taiz','Yemen','TAI\r'),(3980,'Sanaa Intl','Sanaa','Yemen','SAH\r'),(3986,'Allgau','Memmingen','Germany','FMM\r'),(3988,'Ministro Pistarini','Buenos Aires','Argentina','EZE\r'),(3989,'Erbil Intl','Erbil','Iraq','EBL\r'),(3992,'Kansai','Osaka','Japan','KIX\r'),(3998,'Son Sant Joan','Palma de Mallorca','Spain','PMI\r'),(3999,'Darwin Intl','Darwin','Australia','DRW\r'),(4009,'Sioux Falls','Sioux Falls','United States','FSD\r'),(4011,'Manchester Regional Airport','Manchester NH','United States','MHT\r'),(4012,'Naples Muni','Naples','United States','APF\r'),(4014,'Louisville International Airport','Louisville','United States','SDF\r'),(4015,'Charlottesville-Albemarle','Charlottesville VA','United States','CHO\r'),(4016,'Roanoke Regional','Roanoke VA','United States','ROA\r'),(4017,'Blue Grass','Lexington KY','United States','LEX\r'),(4019,'Albuquerque International Sunport','Albuquerque','United States','ABQ\r'),(4029,'Domododevo','Moscow','Russia','DME\r'),(4030,'Phoenix International','Sanya','China','SYX\r'),(4033,'Lijiang Airport','Lijiang','China','LJG\r'),(4047,'Appleton','Appleton','United States','ATW\r'),(4053,'EuroAirport Basel-Mulhouse-Freiburg','Basel','Switzerland','BSL\r'),(4057,'Sharm El Sheikh Intl','Sharm El Sheikh','Egypt','SSH\r'),(4059,'Jomo Kenyatta International','Nairobi','Kenya','NBO\r'),(4063,'Grand Junction Regional','Grand Junction','United States','GJT\r'),(4067,'Sarasota Bradenton Intl','Sarasota','United States','SRQ\r'),(4074,'Honiara International','Honiara','Solomon Islands','HIR\r'),(4075,'Faa\\\'a International','Papeete','French Polynesia','PPT\r'),(4078,'Tolmachevo','Novosibirsk','Russia','OVB\r'),(4101,'Rogue Valley Intl Medford','Medford','United States','MFR\r'),(4108,'Jinan','Jinan','China','TNA\r'),(4109,'Changzhou','Changzhou','China','CZX\r'),(4118,'Kurumoch','Samara','Russia','KUF\r'),(4119,'Ambouli International Airport','Djibouti','Djibouti','JIB\r'),(4120,'Meilan','Haikou','China','HAK\r'),(4143,'Oudomxay','Muang Xay','Laos','ODY\r'),(4144,'Shenyang Taoxian International Airport','Shenyang','China','SHE\r'),(4148,'Luoyang Airport','Luoyang','China','LYA\r'),(4150,'Esfahan Shahid Beheshti Intl','Isfahan','Iran','IFN\r'),(4162,'Conakry','Conakry','Guinea','CKY\r'),(4166,'Baden Airpark','Karlsruhe/Baden-Baden','Germany','FKB\r'),(4168,'Duong Dong Airport','Phu Quoc','Vietnam','PQC\r'),(4191,'Ikaria','Ikaria','Greece','JIK\r'),(4192,'Kalymnos Island','Kalymnos','Greece','JKL\r'),(4198,'Niederrhein','Weeze','Germany','NRN\r'),(6510,'Zweibruecken','Zweibruecken','Germany','ZQW\r'),(4214,'Palmas','Palmas','Brazil','PMW\r'),(4218,'Bundaberg','Bundaberg','Australia','BDB\r'),(4252,'Skagen','Stokmarknes','Norway','SKN\r'),(4274,'Nizhny Novgorod','Nizhniy Novgorod','Russia','GOJ\r'),(4278,'Barnstable Muni Boardman Polando Fld','Barnstable','United States','HYA\r'),(4286,'Wilkes Barre Scranton Intl','Scranton','United States','AVP\r'),(4304,'Cheddi Jagan Intl','Georgetown','Guyana','GEO\r'),(4305,'Ciudad del Este','Ciudad del Este','Paraguay','AGT\r'),(4315,'Bodrum - Milas','Bodrum','Turkey','BJV\r'),(4317,'Sabiha Gokcen','Istanbul','Turkey','SAW\r'),(4322,'Woerthersee International Airport','Klagenfurt','Austria','KLU\r'),(4330,'Imam Khomeini','Tehran','Iran','IKA\r'),(4331,'Mashhad','Mashhad','Iran','MHD\r'),(4355,'Lehigh Valley Intl','Allentown','United States','ABE\r'),(4357,'Atyrau','Atyrau','Kazakhstan','GUW\r'),(4358,'Kzyl-Orda','Kzyl-Orda','Kazakhstan','KZO\r'),(4367,'Aktau','Aktau','Kazakhstan','SCO\r'),(4375,'Sary-Arka','Karaganda','Kazakhstan','KGF\r'),(4380,'Changchun','Changchun','China','CGQ\r'),(6086,'Ust Kamenogorsk Airport','Ust Kamenogorsk','Kazakhstan','UKK\r'),(6055,'El Alcaraván Airport','Yopal','Colombia','EYP\r'),(6005,'Wonju Airport','Wonju','South Korea','WJU\r'),(6003,'Kunsan Air Base','Kunsan','South Korea','KUV\r'),(5984,'Tufi Airport','Tufi','Papua New Guinea','TFI\r'),(5951,'Turbat International Airport','Turbat','Pakistan','TUK\r'),(5940,'Chitral Airport','Chitral','Pakistan','CJL\r'),(5935,'Ardabil Airport','Ardabil','Iran','ADU\r'),(5909,'Tongoa Island Airport','Tongoa Island','Vanuatu','TGH\r'),(5890,'Hiva Oa-Atuona Airport','Hiva-oa','French Polynesia','AUQ\r'),(5796,'Kars Airport','Kars','Turkey','KSY\r'),(5761,'Pierre Regional Airport','Pierre','United States','PIR\r'),(5753,'Lynchburg Regional Preston Glenn Field','Lynchburg','United States','LYH\r'),(5751,'Lancaster Airport','Lancaster','United States','LNS\r'),(5741,'Memorial Field','Hot Springs','United States','HOT\r'),(5699,'La Abraq Airport','Al Bayda\'','Libya','LAQ\r'),(5674,'Praia International Airport','\"Praia',' Santiago Island\"','Cape Verde'),(5673,'El Aroui Airport','El Aroui','Morocco','NDR\r'),(5652,'Tshikapa Airport','Tshikapa','Congo (Kinshasa)','TSH\r'),(5587,'Svolvær Helle Airport','Svolvær','Norway','SVJ\r'),(5582,'Røssvoll Airport','Mo i Rana','Norway','MQN\r'),(5557,'Heringsdorf Airport','Heringsdorf','Germany','HDF\r'),(5448,'Upernavik Airport','Upernavik','Greenland','JUV\r'),(5444,'Nanortalik Heliport','Nanortalik','Greenland','JNN\r'),(5442,'Qaqortoq Heliport','Qaqortoq','Greenland','JJU\r'),(5430,'Momote Airport','Momote','Papua New Guinea','MAS\r'),(5428,'Kavieng Airport','Kavieng','Papua New Guinea','KVG\r'),(5423,'Girua Airport','Girua','Papua New Guinea','PNP\r'),(5418,'Ramata Airport','Ramata','Solomon Islands','RBV\r'),(5414,'Rennell/Tingoa Airport','Rennell Island','Solomon Islands','RNL\r'),(6080,'Virgin Gorda Airport','Spanish Town','British Virgin Islands','VIJ\r'),(6143,'Nadym Airport','Nadym','Russia','NYM\r'),(6152,'Urgench Airport','Urgench','Uzbekistan','UGC\r'),(6156,'Belgorod International Airport','Belgorod','Russia','EGO\r'),(6173,'Lokpriya Gopinath Bordoloi International Airp','Guwahati','India','GAU\r'),(6182,'Nepalgunj Airport','Nepalgunj','Nepal','KEP\r'),(6220,'Bario Airport','Bario','Malaysia','BBN\r'),(6242,'Hamilton Island Airport','Hamilton Island','Australia','HTI\r'),(6268,'Geraldton Airport','Geraldton','Australia','GET\r'),(6300,'Moree Airport','Moree','Australia','MRZ\r'),(6341,'Beijing Nanyuan Airport','Beijing','China','NAY\r'),(6344,'Datong Airport','Datong','China','DAT\r'),(6345,'Baita Airport','Hohhot','China','HET\r'),(6346,'Baotou Airport','Baotou','China','BAV\r'),(6347,'Shijiazhuang Daguocun International Airport','Shijiazhuang','China','SJW\r'),(6348,'Tongliao Airport','Tongliao','China','TGO\r'),(6352,'Changde Airport','Changde','China','CGD\r'),(6355,'Zhuhai Airport','Zhuhai','China','ZUH\r'),(6357,'Zhanjiang Airport','Zhanjiang','China','ZHA\r'),(6359,'Nanyang Airport','Nanyang','China','NNY\r'),(6360,'Xiangfan Airport','Xiangfan','China','XFN\r'),(6366,'Xining Caojiabu Airport','Xining','China','XNN\r'),(6376,'Mangshi Airport','Luxi','China','LUM\r'),(6379,'Ganzhou Airport','Ganzhou','China','KOW\r'),(6380,'Jingdezhen Airport','Jingdezhen','China','JDZ\r'),(6383,'Lianyungang Airport','Lianyungang','China','LYG\r'),(6384,'Huangyan Luqiao Airport','Huangyan','China','HYN\r'),(6386,'Quanzhou Airport','Quanzhou','China','JJN\r'),(6390,'Wuxi Airport','Wuxi','China','WUX\r'),(6391,'Nanping Wuyishan Airport','Wuyishan','China','WUS\r'),(6392,'Wenzhou Yongqiang Airport','Wenzhou','China','WNZ\r'),(6393,'Yancheng Airport','Yancheng','China','YNZ\r'),(6395,'Zhoushan Airport','Zhoushan','China','HSN\r'),(6407,'Korla Airport','Korla','China','KRL\r'),(6411,'Jiamusi Airport','Jiamusi','China','JMU\r'),(6428,'Jing Gang Shan Airport','Ji An','China','JGS\r'),(6430,'Zhangxiao','Yuncheng','China','YCU\r'),(6431,'Lanzhou Airport','Lanzhou','China','LHW\r'),(6434,'Ordos Ejin Horo','Dongsheng','China','DSN\r'),(6448,'Grand Canyon West Airport','Grand Canyon West','United States','GCW\r'),(6449,'Boulder City Municipal Airport','Boulder City','United States','BLD\r'),(6919,'Bellona','Bellona','Solomon Islands','BNY\r'),(6777,'Capitan Corbeta C A Curbelo International Air','Punta del Este','Uruguay','PDP\r'),(6748,'Ilam Airport','Ilam','Iran','IIL\r'),(6718,'St Marys Airport','St Mary\'s','United States','KSM\r'),(6954,'Manzhouli','Manzhouli','China','NZH\r'),(6959,'Pitt-Greenville Airport','Greenville','United States','PGV\r'),(6963,'Tongren','Tongren','China','TEN\r'),(7088,'Unalakleet Airport','Unalakleet','United States','UNK\r'),(7093,'Eek Airport','Eek','United States','EEK\r'),(7186,'Teller Airport','Teller','United States','TLA\r'),(7206,'Quinhagak Airport','Quinhagak','United States','KWN\r'),(7373,'Barreiras Airport','Barreiras','Brazil','BRA\r'),(7384,'Joacaba Airport','Joacaba','Brazil','JCB\r'),(7394,'General leite de Castro Airport','Rio Verde','Brazil','RVD\r'),(7447,'Enfidha - Zine El Abidine Ben Ali Internation','Enfidha','Tunisia','NBE\r'),(7490,'Al Najaf International Airport','Najaf','Iraq','NJF\r'),(7503,'Fuyang Airport','Fuyang','China','FUG\r'),(7506,'Xingyi Airport','Xingyi','China','ACX\r'),(7532,'Carajas Airport','Parauapebas','Brazil','CKS\r'),(7563,'Kulob Airport','Kulyab','Tajikistan','TJU\r'),(7577,'Ravensthorpe Airport','Ravensthorpe','Australia','RVT\r'),(8076,'Dubai Al Maktoum','Dubai','United Arab Emirates','DWC\r'),(8207,'Mulatupo Airport','Mulatupo','Panama','MPP\r'),(8259,'Oriximina Airport','Oriximina','Brazil','ORX\r'),(8266,'Gazipasa Airport','Alanya','Turkey','GZP\r'),(8628,'Uummannaq Heliport','Uummannaq','Greenland','UMD\r'),(9044,'Sanliurfa GAP','Sanliurfa','Turkey','GNY\r'),(9090,'Brusselton','Brusselton','Australia','BQB\r'),(9107,'Yichun Mingyueshan Airport','Yichun','China','YIC\r'),(174,'London','London','Canada','YXU\r'),(7393,'London Euston Railway Station','London','United Kingdom','\r'),(7639,'Paddington Station','London','United Kingdom','QQP\r'),(7667,'London Victoria Bus Station','London','United Kingdom','\r'),(7696,'London St Pancras','London','United Kingdom','STP\r'),(7722,'London Heliport','London','United Kingdom','\r'),(8024,'St Pancras Railway Station','London','United Kingdom','QQS\r'),(8410,'London-Corbin Airport-MaGee Field','London','United States','LOZ\r'),(8590,'All Airports','London','United Kingdom','LON\r'),(8732,'London - Kings Cross','London','United Kingdom','QQK\r'),(8912,'Euston Station','London','United Kingdom','\r'),(8978,'Victoria Station','London','United Kingdom','\r'),(9341,'Waterloo International','London','United Kingdom','\r'),(9343,'London Railway Station','London','Canada','\r'),(9356,'Euston Station','London','United Kingdom','QQU\r'),(9357,'Waterloo International','London','United Kingdom','QQW\r');
/*!40000 ALTER TABLE `airports` ENABLE KEYS */;
UNLOCK TABLES;

--
-- Table structure for table `flights`
--

DROP TABLE IF EXISTS `flights`;
/*!40101 SET @saved_cs_client     = @@character_set_client */;
/*!40101 SET character_set_client = utf8 */;
CREATE TABLE `flights` (
  `id` int(11) NOT NULL,
  `routes_id` int(11) NOT NULL,
  `date` date NOT NULL,
  `airplanes_id` int(11) NOT NULL,
  PRIMARY KEY (`id`),
  KEY `fk_flights_routes1_idx` (`routes_id`),
  KEY `fk_flights_airplanes1_idx` (`airplanes_id`)
) ENGINE=MyISAM DEFAULT CHARSET=utf8;
/*!40101 SET character_set_client = @saved_cs_client */;

--
-- Dumping data for table `flights`
--

LOCK TABLES `flights` WRITE;
/*!40000 ALTER TABLE `flights` DISABLE KEYS */;
INSERT INTO `flights` VALUES (29,29,'2011-08-01',424),(58,58,'2013-05-25',383),(222,222,'2014-11-07',495),(258,258,'2010-08-14',495),(423,423,'2014-11-29',391),(433,433,'2013-11-28',391),(537,537,'2013-06-19',494),(559,559,'2014-10-29',465),(610,610,'2011-04-27',369),(697,697,'2011-02-09',369),(797,797,'2014-08-19',369),(850,850,'2014-12-13',369),(884,884,'2010-08-23',369),(936,936,'2013-06-26',369),(1012,1012,'2014-05-25',342),(1181,1181,'2010-07-18',490),(1313,1313,'2010-02-19',363),(1344,1344,'2013-10-24',363),(1473,1473,'2010-01-30',363),(1492,1492,'2013-01-21',363),(1516,1516,'2011-07-02',363),(1565,1565,'2012-02-21',363),(1650,1650,'2012-04-05',363),(1742,1742,'2014-06-04',349),(1875,1875,'2014-12-23',405),(1935,1935,'2011-04-21',405),(2032,2032,'2011-05-16',422),(2166,2166,'2013-02-23',438),(2282,2282,'2012-03-22',438),(2295,2295,'2014-07-17',438),(2502,2502,'2013-09-13',387),(2622,2622,'2012-03-10',435),(2624,2624,'2011-12-14',435),(2697,2697,'2012-03-05',435),(2698,2698,'2014-11-21',435),(2790,2790,'2013-06-08',420),(2813,2813,'2013-05-31',420),(2831,2831,'2013-04-01',273),(2857,2857,'2010-07-08',222),(2868,2868,'2012-04-18',420),(2932,2932,'2013-05-20',282),(3129,3129,'2013-12-31',493),(3178,3178,'2010-06-18',493),(3304,3304,'2011-08-18',483),(3339,3339,'2014-03-20',445),(3352,3352,'2012-06-24',445),(3405,3405,'2013-06-02',366),(3408,3408,'2013-08-01',366),(3412,3412,'2014-05-31',366),(3467,3467,'2014-09-09',366),(3557,3557,'2011-12-13',366),(3593,3593,'2011-10-29',404),(3596,3596,'2012-04-12',404),(3623,3623,'2012-02-12',444),(3641,3641,'2014-05-03',444),(3875,3875,'2011-11-11',483),(3992,3992,'2010-01-25',465),(4061,4061,'2010-04-16',465),(4084,4084,'2013-10-13',465),(4090,4090,'2010-10-12',465),(4123,4123,'2011-09-27',465),(4158,4158,'2013-03-12',465),(4214,4214,'2011-09-07',465),(4215,4215,'2012-03-27',465),(4216,4216,'2010-08-27',465),(4296,4296,'2013-08-16',466),(4425,4425,'2010-09-16',466),(4442,4442,'2011-08-22',466),(4451,4451,'2012-02-19',466),(4489,4489,'2011-04-19',247),(4510,4510,'2010-09-19',247),(4523,4523,'2013-12-22',247),(4539,4539,'2012-12-17',247),(4550,4550,'2014-08-05',247),(4588,4588,'2014-02-13',247),(4596,4596,'2013-04-22',247),(4620,4620,'2013-12-15',247),(4649,4649,'2013-10-13',466),(4650,4650,'2014-03-14',466),(4656,4656,'2014-09-23',290),(4748,4748,'2012-05-01',290),(4814,4814,'2014-06-07',290),(4861,4861,'2011-09-08',290),(4910,4910,'2012-03-02',290),(4913,4913,'2010-05-17',290),(4947,4947,'2011-10-01',290),(4982,4982,'2014-03-03',290),(5010,5010,'2013-02-27',290),(5012,5012,'2014-07-28',290),(5050,5050,'2013-11-30',290),(5236,5236,'2013-10-28',290),(5248,5248,'2012-10-25',290),(5252,5252,'2014-10-11',290),(5258,5258,'2014-11-23',290),(5277,5277,'2010-01-02',290),(5328,5328,'2011-02-14',290),(5514,5514,'2011-05-17',290),(5519,5519,'2011-06-21',290),(5532,5532,'2014-09-07',290),(5578,5578,'2010-11-26',290),(5619,5619,'2014-03-15',290),(5621,5621,'2014-08-28',290),(5786,5786,'2014-02-25',290),(5803,5803,'2012-10-09',290),(5847,5847,'2014-05-28',290),(5852,5852,'2013-08-01',290),(5872,5872,'2013-06-21',290),(5893,5893,'2011-04-12',290),(5926,5926,'2013-06-13',290),(5929,5929,'2014-07-19',290),(5942,5942,'2013-10-20',290),(5992,5992,'2010-09-17',290),(6064,6064,'2014-01-15',290),(6137,6137,'2010-07-05',290),(6150,6150,'2012-01-25',290),(6166,6166,'2011-03-24',290),(6272,6272,'2013-07-16',290),(6301,6301,'2014-11-17',290),(6580,6580,'2011-08-16',290),(6620,6620,'2013-03-25',290),(6671,6671,'2010-01-05',290),(6736,6736,'2013-06-27',290),(6803,6803,'2011-06-20',290),(6836,6836,'2011-06-07',290),(6873,6873,'2012-02-10',290),(6980,6980,'2012-03-16',290),(6983,6983,'2010-04-03',290),(7001,7001,'2011-03-06',290),(7078,7078,'2012-04-21',338),(7146,7146,'2011-08-21',338),(7172,7172,'2011-10-23',338),(7182,7182,'2014-01-25',338),(7242,7242,'2013-07-13',338),(7302,7302,'2013-03-25',338),(7353,7353,'2011-08-20',338),(7412,7412,'2014-03-10',338),(7441,7441,'2014-01-06',338),(7456,7456,'2011-04-25',338),(7486,7486,'2014-05-05',338),(7506,7506,'2010-02-09',338),(7524,7524,'2013-05-01',338),(7664,7664,'2013-08-01',338),(7677,7677,'2014-01-14',338),(7688,7688,'2012-10-03',338),(7706,7706,'2013-12-24',338),(7777,7777,'2011-05-26',338),(8531,8531,'2010-09-07',247),(8595,8595,'2012-01-12',247),(8732,8732,'2014-10-21',247),(8741,8741,'2014-06-09',247),(8795,8795,'2014-07-06',247),(8925,8925,'2010-08-28',495),(8948,8948,'2013-08-17',495),(9144,9144,'2013-02-16',493),(9160,9160,'2011-04-06',493),(9168,9168,'2013-07-15',493),(9340,9340,'2014-01-28',493),(9346,9346,'2014-10-13',493),(9351,9351,'2013-10-07',493),(9360,9360,'2014-10-17',493),(9364,9364,'2014-08-06',493),(9565,9565,'2014-08-10',493),(9644,9644,'2011-01-17',493),(9660,9660,'2013-10-10',493),(9681,9681,'2013-02-13',493),(9712,9712,'2013-08-16',493),(9757,9757,'2014-08-31',493),(9822,9822,'2013-06-07',493),(9964,9964,'2010-10-27',493),(9986,9986,'2012-03-10',493),(10131,10131,'2010-08-27',405),(10210,10210,'2014-07-24',405),(10216,10216,'2010-01-02',405),(10229,10229,'2011-01-21',405),(10240,10240,'2012-12-16',405),(10273,10273,'2010-02-09',405),(10343,10343,'2012-08-28',494),(10349,10349,'2011-03-21',494),(10412,10412,'2014-01-09',494),(10418,10418,'2013-06-01',494),(10512,10512,'2010-05-24',494),(10520,10520,'2010-04-21',494),(10543,10543,'2013-10-21',494),(10560,10560,'2010-05-22',494),(10565,10565,'2010-02-03',494),(10587,10587,'2011-12-08',494),(10730,10730,'2014-08-21',226),(10734,10734,'2011-01-05',226),(10735,10735,'2014-05-24',226),(10778,10778,'2014-06-08',226),(10786,10786,'2013-09-11',226),(10832,10832,'2011-12-26',226),(10868,10868,'2013-07-31',491),(10907,10907,'2013-12-25',491),(11232,11232,'2013-10-23',491),(11307,11307,'2014-04-23',364),(11317,11317,'2010-07-10',364),(11341,11341,'2012-04-27',364),(11495,11495,'2010-11-15',246),(11549,11549,'2014-10-31',353),(11581,11581,'2013-09-09',353),(11606,11606,'2012-05-09',353),(11673,11673,'2011-08-08',353),(11686,11686,'2011-12-31',353),(11709,11709,'2014-10-12',353),(11761,11761,'2011-07-30',353),(11813,11813,'2014-07-14',353),(11970,11970,'2011-10-31',353),(11981,11981,'2014-05-23',353),(12003,12003,'2011-03-01',353),(12034,12034,'2012-12-04',353),(12147,12147,'2010-03-17',369),(12188,12188,'2011-08-05',369),(12196,12196,'2012-07-10',369),(12240,12240,'2011-01-18',369),(12253,12253,'2013-10-14',369),(12297,12297,'2014-11-01',135),(12322,12322,'2010-11-30',135),(12344,12344,'2013-08-20',135),(12385,12385,'2011-09-26',135),(12480,12480,'2010-06-30',135),(12560,12560,'2014-02-09',135),(12620,12620,'2013-04-14',387),(12656,12656,'2014-09-09',387),(12680,12680,'2013-05-01',387),(12683,12683,'2010-07-01',387),(12785,12785,'2013-02-03',387),(12800,12800,'2011-05-15',387),(12807,12807,'2012-06-01',387),(12850,12850,'2014-05-20',387),(13795,13795,'2014-11-25',449),(13811,13811,'2013-11-14',449),(13828,13828,'2012-01-24',449),(13886,13886,'2014-03-09',450),(13949,13949,'2013-09-30',347),(13963,13963,'2011-07-05',347),(13995,13995,'2010-07-28',347),(14034,14034,'2011-11-26',347),(14128,14128,'2010-10-26',347),(14381,14381,'2013-02-27',282),(14522,14522,'2013-03-23',458),(14634,14634,'2014-11-07',458),(14676,14676,'2010-06-15',458),(14711,14711,'2012-08-25',458),(14805,14805,'2013-04-19',458),(14844,14844,'2010-08-20',458),(14924,14924,'2012-01-31',458),(14958,14958,'2010-05-12',491),(14971,14971,'2013-07-26',491),(14994,14994,'2014-10-21',187),(15006,15006,'2010-06-04',187),(15022,15022,'2010-10-07',187),(15370,15370,'2012-02-27',461),(15393,15393,'2011-10-24',451),(15470,15470,'2014-03-16',124),(15512,15512,'2010-12-07',124),(15629,15629,'2014-05-21',435),(15632,15632,'2011-04-09',435),(15762,15762,'2011-11-27',440),(15779,15779,'2011-10-26',440),(15846,15846,'2011-04-20',454),(15854,15854,'2012-08-26',454),(15935,15935,'2014-03-31',457),(15938,15938,'2012-10-28',457),(15939,15939,'2012-05-21',457),(16068,16068,'2013-06-30',466),(16082,16082,'2013-07-11',466),(16131,16131,'2011-11-14',466),(16137,16137,'2014-12-25',466),(16158,16158,'2014-10-27',466),(16298,16298,'2011-06-24',466),(16336,16336,'2014-12-29',466),(16468,16468,'2013-02-19',466),(16489,16489,'2014-10-01',466),(16512,16512,'2012-03-27',466),(16523,16523,'2013-05-06',466),(16651,16651,'2014-06-25',466),(16677,16677,'2014-06-29',466),(16734,16734,'2014-09-13',466),(16771,16771,'2013-07-23',466),(16787,16787,'2011-04-09',466),(16837,16837,'2011-09-25',466),(16884,16884,'2010-03-24',466),(16918,16918,'2011-03-07',466),(17041,17041,'2012-01-17',466),(17105,17105,'2010-03-23',466),(17106,17106,'2011-02-06',466),(17115,17115,'2014-11-02',466),(17159,17159,'2010-02-16',466),(17163,17163,'2010-10-01',466),(17238,17238,'2014-01-24',466),(17355,17355,'2011-05-28',470),(17361,17361,'2010-01-14',470),(17396,17396,'2013-08-19',440),(17466,17466,'2014-08-05',440),(17594,17594,'2013-06-21',243),(17656,17656,'2014-09-27',243),(17661,17661,'2013-11-06',243),(17775,17775,'2011-08-12',126),(17782,17782,'2011-04-15',126),(17864,17864,'2010-09-21',440),(17871,17871,'2013-09-28',440),(17912,17912,'2011-11-13',440),(18018,18018,'2010-01-09',440),(18019,18019,'2013-03-01',440),(18098,18098,'2013-06-29',364),(18121,18121,'2011-09-17',364),(18139,18139,'2011-03-28',364),(18152,18152,'2012-02-20',364),(18269,18269,'2012-04-15',364),(18327,18327,'2012-03-09',364),(18381,18381,'2011-01-11',364),(18548,18548,'2011-12-05',364),(18614,18614,'2014-02-20',364),(18700,18700,'2013-03-16',364),(18739,18739,'2011-02-15',364),(18810,18810,'2012-05-22',364),(18904,18904,'2010-05-14',364),(19163,19163,'2010-05-04',364),(19166,19166,'2011-11-18',364),(19177,19177,'2011-04-20',364),(19222,19222,'2014-05-16',364),(19236,19236,'2012-05-28',364),(19308,19308,'2011-11-05',364),(19338,19338,'2013-02-14',364),(19411,19411,'2010-04-30',364),(19442,19442,'2011-10-16',364),(19735,19735,'2014-08-29',115),(19762,19762,'2013-11-04',115),(19851,19851,'2013-01-15',115),(19909,19909,'2013-02-05',115),(19939,19939,'2011-05-01',115),(19943,19943,'2012-11-19',115),(19971,19971,'2013-05-05',115),(20045,20045,'2011-01-21',158),(20092,20092,'2010-01-20',158),(20190,20190,'2011-05-21',158),(20242,20242,'2012-10-19',158),(20303,20303,'2011-02-02',158),(20337,20337,'2013-02-09',158),(20349,20349,'2013-11-20',158),(20441,20441,'2014-09-05',158),(20481,20481,'2013-12-16',158),(20528,20528,'2012-03-06',158),(20762,20762,'2012-08-29',158),(20775,20775,'2012-11-29',158),(20787,20787,'2010-02-17',158),(20867,20867,'2011-03-28',158),(20894,20894,'2014-09-17',158),(20895,20895,'2012-02-10',158),(20960,20960,'2010-10-16',158),(20964,20964,'2011-11-03',158),(20984,20984,'2013-11-19',158),(20987,20987,'2012-01-17',158),(21006,21006,'2014-05-29',158),(21081,21081,'2013-05-03',158),(21113,21113,'2011-09-06',158),(21226,21226,'2012-11-21',158),(21345,21345,'2013-08-19',158),(21417,21417,'2013-07-06',158),(21530,21530,'2012-02-27',158),(21629,21629,'2011-03-24',158),(21668,21668,'2011-08-02',158),(21756,21756,'2013-02-01',158),(21790,21790,'2013-12-29',158),(21907,21907,'2013-08-28',158),(21951,21951,'2010-10-21',158),(21973,21973,'2010-03-19',158),(22007,22007,'2012-03-28',200),(22013,22013,'2012-03-12',200),(22105,22105,'2011-03-21',478),(22128,22128,'2014-05-06',478),(22129,22129,'2010-07-27',478),(22313,22313,'2010-07-10',403),(22320,22320,'2014-07-14',403),(22365,22365,'2012-06-21',403),(22368,22368,'2013-09-16',403),(22614,22614,'2014-07-29',403),(22620,22620,'2014-02-11',403),(22625,22625,'2013-02-16',403),(22634,22634,'2014-03-02',403),(22688,22688,'2010-02-06',403),(22695,22695,'2014-05-30',403),(22735,22735,'2012-12-29',403),(22751,22751,'2013-01-22',403),(22923,22923,'2010-09-04',52),(23040,23040,'2013-03-25',52),(23084,23084,'2014-11-24',311),(23252,23252,'2011-08-20',311),(23299,23299,'2013-05-08',311),(23303,23303,'2014-11-03',311),(23323,23323,'2011-05-01',311),(23431,23431,'2014-11-30',326),(23435,23435,'2012-05-18',326),(23995,23995,'2012-07-21',135),(24029,24029,'2014-09-18',135),(24067,24067,'2014-10-21',496),(24197,24197,'2011-10-26',496),(24375,24375,'2010-01-27',141),(24463,24463,'2012-04-10',141),(24465,24465,'2012-09-07',141),(24485,24485,'2013-10-01',141),(24541,24541,'2013-06-08',364),(24562,24562,'2014-03-11',364),(24603,24603,'2013-09-22',320),(24748,24748,'2011-09-03',329),(24781,24781,'2013-09-11',153),(24782,24782,'2010-01-04',153),(24970,24970,'2013-09-04',496),(25019,25019,'2012-05-16',496),(25027,25027,'2013-05-29',496),(25048,25048,'2011-03-27',496),(25467,25467,'2013-02-23',496),(25527,25527,'2010-06-27',496),(25529,25529,'2010-12-22',496),(25555,25555,'2012-02-06',496),(25603,25603,'2012-08-20',433),(25710,25710,'2012-07-07',433),(25780,25780,'2013-01-26',342),(25813,25813,'2013-05-12',388),(25904,25904,'2013-05-10',388),(25922,25922,'2013-06-02',388),(26012,26012,'2013-07-03',388),(26043,26043,'2011-08-19',388),(26075,26075,'2012-10-20',388),(26098,26098,'2012-07-30',388),(26135,26135,'2012-12-28',388),(26324,26324,'2014-08-03',388),(26372,26372,'2010-12-01',388),(26408,26408,'2014-07-01',388),(26476,26476,'2011-10-23',388),(26484,26484,'2014-08-19',388),(26569,26569,'2010-10-20',388),(26578,26578,'2012-01-04',388),(26631,26631,'2012-10-20',388),(26664,26664,'2011-03-03',388),(26670,26670,'2013-05-31',388),(26680,26680,'2012-05-13',388),(26733,26733,'2012-07-05',388),(26779,26779,'2012-04-06',388),(27074,27074,'2012-01-23',388),(27121,27121,'2010-08-02',388),(27124,27124,'2011-11-13',388),(27161,27161,'2012-07-11',388),(27353,27353,'2010-04-15',388),(27431,27431,'2014-03-04',388),(27495,27495,'2011-12-26',388),(27526,27526,'2010-04-30',388),(27569,27569,'2014-06-06',388),(27600,27600,'2011-05-02',388),(27653,27653,'2010-04-17',388),(27936,27936,'2011-11-08',388),(28040,28040,'2012-10-31',388),(28208,28208,'2011-10-30',388),(28254,28254,'2010-07-12',388),(28449,28449,'2011-07-14',495),(28492,28492,'2010-11-01',495),(28553,28553,'2011-03-25',207),(28559,28559,'2011-07-24',207),(28615,28615,'2013-12-22',207),(28642,28642,'2011-05-18',207),(28653,28653,'2012-09-30',207),(28759,28759,'2014-02-03',207),(28810,28810,'2011-10-06',207),(29334,29334,'2013-06-23',483),(29358,29358,'2013-12-13',483),(29381,29381,'2010-11-03',483),(29464,29464,'2012-02-03',233),(29509,29509,'2014-12-27',233),(29514,29514,'2010-09-29',233),(29550,29550,'2010-05-28',147),(29636,29636,'2012-06-17',147),(29650,29650,'2012-06-12',147),(29924,29924,'2011-03-19',466),(30037,30037,'2013-05-22',385),(30038,30038,'2011-06-19',385),(30049,30049,'2012-11-29',385),(30071,30071,'2011-04-12',385),(30072,30072,'2014-08-03',385),(30174,30174,'2013-12-25',333),(30178,30178,'2012-12-18',333),(30225,30225,'2013-05-29',333),(30246,30246,'2013-12-08',333),(30360,30360,'2013-05-21',333),(30402,30402,'2010-06-12',333),(30600,30600,'2014-07-14',265),(30613,30613,'2012-05-19',265),(30651,30651,'2011-07-15',453),(30720,30720,'2014-08-14',285),(30820,30820,'2013-07-07',370),(30846,30846,'2014-01-23',370),(30857,30857,'2011-03-21',357),(30902,30902,'2012-01-09',449),(31020,31020,'2014-10-21',449),(31028,31028,'2012-04-01',249),(31057,31057,'2013-04-01',249),(31098,31098,'2012-11-17',249),(31113,31113,'2011-07-30',437),(31208,31208,'2012-06-08',473),(31242,31242,'2014-04-19',473),(31336,31336,'2010-05-20',473),(31348,31348,'2011-06-26',473),(31351,31351,'2013-04-12',473),(31375,31375,'2011-07-27',473),(31385,31385,'2014-09-28',473),(31456,31456,'2012-12-30',473),(31520,31520,'2011-06-23',473),(31542,31542,'2013-09-12',473),(31724,31724,'2013-02-10',67),(31735,31735,'2013-06-07',67),(31812,31812,'2010-03-13',67),(31919,31919,'2014-04-29',67),(31986,31986,'2013-10-14',252),(32156,32156,'2013-10-22',254),(32169,32169,'2014-08-10',254),(32192,32192,'2010-12-12',361),(32276,32276,'2014-06-25',361),(32333,32333,'2013-12-08',361),(32388,32388,'2014-11-21',361),(32591,32591,'2014-09-19',361),(32594,32594,'2013-05-20',361),(32628,32628,'2013-09-08',361),(32638,32638,'2010-10-03',361),(32652,32652,'2011-02-01',361),(32709,32709,'2013-07-26',361),(32715,32715,'2013-10-04',361),(33078,33078,'2013-06-09',478),(33082,33082,'2013-11-14',478),(33091,33091,'2014-12-04',434),(33135,33135,'2014-08-26',434),(33148,33148,'2014-04-12',434),(33181,33181,'2012-11-23',434),(33218,33218,'2012-07-12',434),(33361,33361,'2012-06-13',311),(33392,33392,'2010-08-17',311),(33424,33424,'2012-05-10',311),(33471,33471,'2013-06-19',311),(33498,33498,'2014-03-11',311),(33705,33705,'2014-09-08',376),(33710,33710,'2012-02-11',376),(33711,33711,'2013-02-17',376),(33728,33728,'2014-01-11',193),(33906,33906,'2013-06-04',49),(33953,33953,'2013-02-06',49),(34142,34142,'2013-08-08',247),(34143,34143,'2014-12-14',247),(34155,34155,'2012-04-01',247),(34260,34260,'2010-10-29',247),(34291,34291,'2012-12-10',247),(34355,34355,'2014-07-09',247),(34389,34389,'2012-05-17',247),(34390,34390,'2010-09-13',247),(34410,34410,'2014-07-21',247),(34532,34532,'2013-08-27',483),(34570,34570,'2014-10-09',483),(34574,34574,'2010-12-11',483),(34597,34597,'2010-10-19',483),(34632,34632,'2013-05-01',483),(34703,34703,'2014-02-22',483),(34899,34899,'2012-10-30',471),(34919,34919,'2010-05-28',497),(34934,34934,'2011-03-28',497),(34961,34961,'2012-05-04',497),(34963,34963,'2014-11-28',497),(35033,35033,'2013-03-02',497),(35110,35110,'2013-09-18',355),(35117,35117,'2010-04-13',355),(35180,35180,'2013-06-28',355),(35185,35185,'2010-05-23',355),(35195,35195,'2014-07-28',355),(35279,35279,'2013-01-13',355),(35325,35325,'2014-12-25',338),(35382,35382,'2010-04-06',338),(35455,35455,'2010-03-11',377),(35543,35543,'2013-01-23',498),(35678,35678,'2012-12-02',428),(35683,35683,'2014-05-15',428),(35694,35694,'2011-06-05',428),(35732,35732,'2011-03-04',436),(35759,35759,'2014-06-27',436),(35789,35789,'2012-11-13',436),(35811,35811,'2012-01-07',436),(35869,35869,'2014-05-28',275),(35874,35874,'2012-11-06',275),(35889,35889,'2011-02-13',275),(35922,35922,'2010-05-08',275),(35939,35939,'2013-04-10',275),(35941,35941,'2010-09-18',275),(36002,36002,'2012-02-10',275),(36070,36070,'2014-04-06',275),(36159,36159,'2013-03-11',249),(36178,36178,'2012-11-27',249),(36194,36194,'2014-01-26',249),(36215,36215,'2010-06-24',249),(36284,36284,'2013-12-31',249),(36395,36395,'2014-10-21',249),(36446,36446,'2012-04-27',249),(36448,36448,'2014-10-28',249),(36504,36504,'2011-05-22',249),(36546,36546,'2012-06-05',249),(36555,36555,'2010-03-29',249),(36599,36599,'2011-11-06',249),(36640,36640,'2010-07-02',249),(36657,36657,'2010-10-19',249),(36700,36700,'2012-08-20',249),(36768,36768,'2011-09-19',249),(36792,36792,'2014-05-22',249),(36923,36923,'2010-12-02',249),(36941,36941,'2014-03-21',249),(37080,37080,'2011-02-02',475),(37119,37119,'2013-09-25',475),(37189,37189,'2011-03-26',309),(37317,37317,'2012-04-24',483),(37540,37540,'2012-04-21',190),(37571,37571,'2013-09-14',443),(37661,37661,'2012-07-07',443),(37727,37727,'2010-10-05',443),(37766,37766,'2013-12-08',443),(38034,38034,'2013-03-01',297),(38161,38161,'2010-02-25',297),(38352,38352,'2013-02-21',297),(38381,38381,'2012-08-12',297),(38418,38418,'2014-08-24',297),(38518,38518,'2014-12-12',297),(38529,38529,'2011-07-28',297),(38786,38786,'2010-10-07',297),(38804,38804,'2014-11-04',297),(38832,38832,'2010-09-24',297),(38921,38921,'2012-04-16',339),(39020,39020,'2013-04-28',439),(39042,39042,'2012-11-15',439),(39213,39213,'2014-07-08',217),(39219,39219,'2012-02-16',217),(39246,39246,'2014-01-15',217),(39331,39331,'2011-05-23',217),(39387,39387,'2013-02-06',217),(39418,39418,'2014-09-23',217),(39427,39427,'2014-02-18',217),(39502,39502,'2011-11-09',217),(39506,39506,'2010-02-22',217),(39537,39537,'2012-02-17',479),(39603,39603,'2011-08-08',405),(39678,39678,'2014-08-22',405),(39680,39680,'2013-12-12',405),(39701,39701,'2012-10-22',405),(39753,39753,'2014-12-15',405),(39915,39915,'2012-05-16',497),(39952,39952,'2014-09-22',289),(39992,39992,'2010-11-20',440),(40141,40141,'2014-09-18',469),(40155,40155,'2013-12-02',469),(40209,40209,'2012-08-11',469),(40230,40230,'2010-04-18',469),(40268,40268,'2013-02-11',469),(40297,40297,'2010-01-20',469),(40322,40322,'2011-01-12',469),(40340,40340,'2011-01-24',469),(40401,40401,'2014-09-18',469),(40536,40536,'2014-02-01',354),(40538,40538,'2012-10-01',354),(40645,40645,'2014-05-03',354),(40721,40721,'2010-03-31',354),(40731,40731,'2012-02-21',354),(40825,40825,'2014-07-16',354),(40878,40878,'2012-10-14',197),(40945,40945,'2014-09-23',412),(40978,40978,'2014-07-10',450),(41135,41135,'2013-11-25',358),(41254,41254,'2010-04-04',358),(41329,41329,'2010-11-09',358),(41330,41330,'2014-05-25',358),(41345,41345,'2011-03-27',433),(41382,41382,'2013-02-03',433),(41388,41388,'2012-01-21',433),(41475,41475,'2012-03-12',433),(41478,41478,'2013-07-22',433),(41489,41489,'2013-10-26',433),(41494,41494,'2011-01-04',433),(41521,41521,'2012-02-24',433),(41550,41550,'2012-01-29',433),(41595,41595,'2012-08-15',433),(41621,41621,'2012-02-17',433),(41818,41818,'2014-06-23',433),(41851,41851,'2014-04-01',433),(41876,41876,'2012-09-20',433),(41897,41897,'2013-04-28',433),(41942,41942,'2013-09-21',433),(41949,41949,'2010-08-12',433),(41979,41979,'2014-10-21',433),(42083,42083,'2012-01-16',433),(42190,42190,'2013-03-29',433),(42311,42311,'2013-03-21',433),(42341,42341,'2010-02-27',433),(42415,42415,'2014-12-03',433),(42477,42477,'2014-07-25',433),(42741,42741,'2011-10-29',284),(42848,42848,'2012-12-16',368),(42856,42856,'2013-03-14',368),(42866,42866,'2010-05-26',368),(42876,42876,'2011-10-11',368),(42878,42878,'2014-01-09',368),(42919,42919,'2011-09-03',368),(42960,42960,'2013-09-09',368),(42965,42965,'2013-08-22',368),(43012,43012,'2010-05-09',368),(43043,43043,'2011-11-20',368),(43068,43068,'2014-03-10',368),(43084,43084,'2014-11-26',368),(43201,43201,'2011-08-30',368),(43229,43229,'2010-12-04',368),(43304,43304,'2013-04-20',122),(43312,43312,'2011-08-19',122),(43364,43364,'2013-06-13',335),(43375,43375,'2014-01-06',335),(43469,43469,'2011-12-26',335),(43533,43533,'2013-09-08',335),(43546,43546,'2013-07-07',335),(43549,43549,'2010-06-07',335),(43626,43626,'2014-09-07',462),(43653,43653,'2012-03-18',201),(43698,43698,'2012-08-29',201),(43758,43758,'2010-12-01',331),(43933,43933,'2011-02-25',468),(43990,43990,'2013-10-01',468),(43993,43993,'2011-01-19',468),(44186,44186,'2013-09-15',484),(44193,44193,'2014-03-10',389),(44195,44195,'2011-10-23',389),(44200,44200,'2013-04-17',389),(44236,44236,'2010-01-29',389),(44251,44251,'2011-06-10',389),(44255,44255,'2012-03-11',389),(44288,44288,'2011-08-28',389),(44347,44347,'2013-11-08',360),(44432,44432,'2011-01-03',465),(44564,44564,'2013-12-17',291),(44633,44633,'2011-04-14',291),(44697,44697,'2013-07-27',291),(44737,44737,'2013-08-27',291),(44781,44781,'2011-10-30',291),(44923,44923,'2013-04-03',416),(44936,44936,'2011-10-30',449),(44950,44950,'2014-12-04',449),(45001,45001,'2010-10-29',449),(45031,45031,'2014-11-19',449),(45036,45036,'2011-08-21',449),(45199,45199,'2012-01-02',489),(45413,45413,'2012-01-16',395),(45422,45422,'2011-04-24',395),(45475,45475,'2010-10-13',395),(45660,45660,'2011-05-13',409),(45669,45669,'2014-06-23',409),(45848,45848,'2010-11-21',470),(45861,45861,'2010-02-10',470),(45872,45872,'2012-07-17',470),(45901,45901,'2013-08-19',470),(45920,45920,'2012-07-12',470),(45976,45976,'2010-12-09',470),(46010,46010,'2014-09-28',468),(46076,46076,'2011-05-01',427),(46143,46143,'2014-03-27',472),(46206,46206,'2014-02-02',472),(46238,46238,'2013-03-25',472),(46288,46288,'2012-11-18',471),(46329,46329,'2011-06-24',471),(46451,46451,'2014-06-27',440),(46463,46463,'2013-12-18',440),(46582,46582,'2013-11-10',352),(46686,46686,'2012-07-25',460),(46760,46760,'2014-11-05',489),(46812,46812,'2012-06-17',489),(46889,46889,'2012-06-16',489),(46927,46927,'2011-07-07',489),(47033,47033,'2010-03-11',489),(47059,47059,'2013-02-19',489),(47079,47079,'2012-08-26',489),(47087,47087,'2010-03-11',489),(47121,47121,'2014-04-22',489),(47130,47130,'2012-12-08',489),(47132,47132,'2011-11-16',489),(47135,47135,'2014-08-03',489),(47159,47159,'2011-11-12',489),(47177,47177,'2011-07-03',147),(47213,47213,'2013-09-28',147),(47244,47244,'2013-12-17',291),(47269,47269,'2014-07-22',482),(47652,47652,'2013-10-05',371),(47658,47658,'2014-10-27',371),(47704,47704,'2010-12-07',428),(47886,47886,'2010-12-15',405),(47899,47899,'2013-08-07',430),(47905,47905,'2010-03-12',430),(47970,47970,'2012-09-17',374),(47975,47975,'2014-11-08',374),(47981,47981,'2013-05-12',374),(47986,47986,'2012-06-10',374),(48146,48146,'2012-04-23',131),(48255,48255,'2010-01-21',305),(48312,48312,'2013-07-01',305),(48419,48419,'2014-07-13',396),(48431,48431,'2012-03-14',396),(48437,48437,'2012-04-12',396),(48505,48505,'2010-05-31',294),(48557,48557,'2011-10-31',294),(48700,48700,'2012-04-30',294),(48723,48723,'2014-04-12',294),(48794,48794,'2013-11-28',286),(48795,48795,'2011-12-03',286),(48825,48825,'2012-05-14',286),(48986,48986,'2014-01-29',475),(49100,49100,'2013-12-05',475),(49102,49102,'2011-09-21',475),(49152,49152,'2013-10-21',475),(49205,49205,'2010-10-20',475),(49211,49211,'2012-04-23',475),(49380,49380,'2013-09-27',349),(49401,49401,'2010-05-31',349),(49513,49513,'2010-01-16',349),(49552,49552,'2012-01-02',349),(49582,49582,'2010-04-30',455),(49601,49601,'2012-11-09',82),(49776,49776,'2011-03-17',139),(49867,49867,'2013-11-04',139),(49885,49885,'2014-07-23',139),(50161,50161,'2011-07-01',139),(50433,50433,'2010-01-13',242),(50503,50503,'2010-03-22',242),(50570,50570,'2013-11-06',242),(50695,50695,'2013-03-27',437),(50702,50702,'2013-04-28',437),(50759,50759,'2011-11-13',319),(50808,50808,'2011-09-10',319),(50870,50870,'2010-11-24',319),(51011,51011,'2012-01-10',319),(51016,51016,'2012-07-18',319),(51097,51097,'2013-08-25',319),(51127,51127,'2010-04-11',319),(51131,51131,'2010-06-18',319),(51145,51145,'2013-09-02',319),(51468,51468,'2011-07-05',62),(51590,51590,'2011-05-09',62),(51595,51595,'2014-11-26',62),(51760,51760,'2010-03-19',468),(51805,51805,'2010-04-02',94),(51818,51818,'2010-02-13',94),(51830,51830,'2010-11-10',328),(51885,51885,'2013-07-18',417),(52038,52038,'2014-10-07',421),(52096,52096,'2012-11-14',421),(52114,52114,'2013-04-05',421),(52126,52126,'2014-12-02',421),(52143,52143,'2010-10-18',421),(52169,52169,'2010-11-15',421),(52201,52201,'2014-06-06',421),(52208,52208,'2012-06-24',284),(52230,52230,'2014-04-02',400),(52263,52263,'2011-09-25',400),(52300,52300,'2011-10-18',400),(52395,52395,'2013-09-03',400),(52416,52416,'2012-03-09',400),(52470,52470,'2010-09-27',400),(52572,52572,'2012-02-23',400),(52596,52596,'2012-01-17',400),(52690,52690,'2011-07-13',400),(52693,52693,'2012-08-12',400),(52705,52705,'2010-01-20',400),(52720,52720,'2013-03-12',400),(52727,52727,'2013-02-27',400),(52754,52754,'2011-03-03',400),(52760,52760,'2012-01-28',400),(52800,52800,'2012-11-17',400),(52937,52937,'2012-03-20',450),(52990,52990,'2011-04-08',466),(53003,53003,'2012-07-13',466),(53038,53038,'2011-04-12',466),(53042,53042,'2011-04-26',466),(53208,53208,'2013-08-19',466),(53224,53224,'2010-01-18',466),(53288,53288,'2012-12-11',466),(53293,53293,'2013-10-01',466),(53295,53295,'2011-02-26',466),(53318,53318,'2011-02-02',466),(53322,53322,'2010-11-07',466),(53354,53354,'2010-08-17',466),(53428,53428,'2010-10-15',466),(53498,53498,'2012-11-13',489),(53611,53611,'2012-08-16',445),(53684,53684,'2013-07-24',445),(53739,53739,'2013-10-23',445),(53774,53774,'2010-08-19',445),(53796,53796,'2013-03-04',445),(53970,53970,'2011-05-27',473),(53983,53983,'2010-09-22',473),(54106,54106,'2014-05-20',267),(54115,54115,'2012-06-19',267),(54157,54157,'2012-06-10',267),(54167,54167,'2014-07-26',267),(54180,54180,'2011-10-15',267),(54324,54324,'2012-08-07',302),(54441,54441,'2011-10-01',211),(54476,54476,'2014-09-17',211),(54569,54569,'2011-04-21',211),(54589,54589,'2014-12-24',211),(54633,54633,'2014-02-05',211),(54735,54735,'2012-03-04',211),(54747,54747,'2012-04-09',211),(54755,54755,'2012-08-04',211),(54804,54804,'2010-05-22',211),(54860,54860,'2010-06-23',211),(54926,54926,'2011-10-11',211),(54943,54943,'2012-04-26',211),(54979,54979,'2012-08-27',211),(55016,55016,'2014-04-03',211),(55022,55022,'2010-11-12',211),(55147,55147,'2014-08-06',211),(55191,55191,'2010-01-19',211),(55254,55254,'2010-10-08',211),(55272,55272,'2013-02-17',211),(55283,55283,'2012-11-07',211),(55341,55341,'2012-08-22',211),(55378,55378,'2014-06-21',211),(55397,55397,'2013-11-23',211),(55439,55439,'2010-09-29',211),(55458,55458,'2014-05-30',211),(55553,55553,'2014-04-07',64),(55601,55601,'2012-10-04',64),(55619,55619,'2011-06-13',64),(55621,55621,'2010-01-13',64),(55623,55623,'2010-05-29',64),(55644,55644,'2012-05-06',64),(55662,55662,'2010-12-27',64),(55680,55680,'2010-04-12',64),(55724,55724,'2013-09-03',64),(55733,55733,'2014-03-23',64),(55799,55799,'2012-01-06',275),(55814,55814,'2012-06-20',275),(55822,55822,'2014-02-19',275),(55854,55854,'2011-04-28',275),(55900,55900,'2013-07-02',275),(56025,56025,'2011-11-19',275),(56069,56069,'2014-08-09',275),(56101,56101,'2011-05-25',275),(56172,56172,'2011-02-19',275),(56233,56233,'2013-12-09',275),(56248,56248,'2014-06-05',275),(56306,56306,'2010-05-24',275),(56374,56374,'2013-08-23',275),(56436,56436,'2013-05-04',275),(56568,56568,'2011-11-13',275),(56789,56789,'2012-02-20',275),(57012,57012,'2010-02-16',275),(57057,57057,'2012-09-01',275),(57074,57074,'2013-04-28',275),(57078,57078,'2014-09-25',275),(57173,57173,'2013-04-24',275),(57205,57205,'2014-10-22',275),(57429,57429,'2014-06-01',275),(57500,57500,'2012-07-08',275),(57535,57535,'2011-07-30',275),(57540,57540,'2010-02-13',275),(57570,57570,'2012-01-25',275),(57612,57612,'2014-12-13',275),(57651,57651,'2012-08-12',275),(57673,57673,'2011-04-12',275),(57769,57769,'2011-11-11',275),(57803,57803,'2014-02-03',275),(57897,57897,'2012-03-28',275),(57901,57901,'2011-01-12',275),(57916,57916,'2010-06-04',275),(57924,57924,'2011-06-30',275),(58007,58007,'2014-02-10',304),(58013,58013,'2013-07-28',473),(58120,58120,'2012-09-18',462),(58294,58294,'2014-12-12',462),(58325,58325,'2012-04-24',462),(58341,58341,'2014-10-18',462),(58362,58362,'2014-07-26',462),(58616,58616,'2014-01-14',340),(58725,58725,'2014-04-12',340),(58756,58756,'2010-12-14',340),(58836,58836,'2010-04-21',340),(58904,58904,'2014-05-24',340),(58973,58973,'2011-11-06',340),(59044,59044,'2010-03-10',340),(59140,59140,'2012-01-14',340),(59221,59221,'2011-02-23',340),(59256,59256,'2010-11-10',340),(59274,59274,'2011-07-09',340),(59300,59300,'2010-01-31',340),(59344,59344,'2012-08-06',340),(59401,59401,'2010-06-26',340),(59479,59479,'2012-02-27',340),(59504,59504,'2013-04-08',340),(59614,59614,'2011-07-07',340),(59652,59652,'2014-11-12',340),(59733,59733,'2010-03-06',340),(59825,59825,'2012-09-06',340),(59877,59877,'2011-04-27',340),(59899,59899,'2011-01-22',340),(59908,59908,'2010-01-14',340),(60048,60048,'2012-08-19',340),(60151,60151,'2014-05-18',340),(60181,60181,'2010-02-15',340),(60211,60211,'2014-07-09',340),(60293,60293,'2010-01-01',340),(60319,60319,'2012-06-20',340),(60321,60321,'2014-04-14',340),(60378,60378,'2013-02-13',340),(60424,60424,'2013-11-12',340),(60625,60625,'2014-04-19',485),(60638,60638,'2010-12-05',485),(60646,60646,'2012-01-02',485),(60667,60667,'2011-06-20',485),(60695,60695,'2013-01-07',485),(60733,60733,'2012-09-11',467),(60775,60775,'2011-12-29',467),(60797,60797,'2011-03-08',277),(60827,60827,'2010-06-16',114),(60889,60889,'2014-06-09',114),(60978,60978,'2012-06-30',489),(60993,60993,'2010-07-22',489),(60996,60996,'2014-07-16',489),(61008,61008,'2012-10-21',489),(61023,61023,'2013-05-30',489),(61036,61036,'2012-12-08',489),(61153,61153,'2012-05-15',489),(61185,61185,'2014-05-13',489),(61215,61215,'2012-11-14',489),(61294,61294,'2011-07-27',368),(61354,61354,'2010-07-21',377),(61390,61390,'2010-05-10',235),(61444,61444,'2012-11-11',154),(61455,61455,'2014-03-21',154),(61509,61509,'2014-07-30',154),(61629,61629,'2011-07-21',486),(61664,61664,'2013-02-27',425),(61729,61729,'2011-08-27',425),(61784,61784,'2012-06-03',425),(61791,61791,'2014-12-30',425),(61849,61849,'2012-12-26',492),(61898,61898,'2014-08-28',492),(61993,61993,'2011-07-17',472),(62056,62056,'2014-06-08',334),(62117,62117,'2012-07-13',334),(62126,62126,'2014-10-17',334),(62243,62243,'2012-08-18',334),(62258,62258,'2012-01-14',334),(62297,62297,'2013-02-01',334),(62329,62329,'2010-03-26',334),(62369,62369,'2011-08-24',334),(62580,62580,'2010-08-01',105),(62619,62619,'2011-05-01',256),(62637,62637,'2014-01-12',256),(62695,62695,'2010-10-06',256),(62721,62721,'2010-04-20',256),(62757,62757,'2010-05-07',256),(62900,62900,'2011-09-20',256),(63027,63027,'2011-11-23',256),(63069,63069,'2013-01-13',256),(63088,63088,'2010-09-07',363),(63126,63126,'2014-11-08',467),(63167,63167,'2014-01-20',420),(63206,63206,'2014-02-11',420),(63263,63263,'2013-01-14',420),(63265,63265,'2014-11-27',420),(63314,63314,'2013-06-17',420),(63334,63334,'2013-06-13',420),(63339,63339,'2014-03-31',420),(63493,63493,'2010-06-23',125),(63546,63546,'2010-01-11',125),(63588,63588,'2011-08-03',125),(63611,63611,'2011-03-02',125),(63655,63655,'2013-06-24',125),(63690,63690,'2011-04-30',125),(63735,63735,'2010-02-28',125),(63783,63783,'2010-09-19',125),(63836,63836,'2014-09-08',125),(63863,63863,'2010-05-30',125),(63891,63891,'2012-02-06',125),(64004,64004,'2012-12-09',125),(64057,64057,'2010-06-01',125),(64110,64110,'2014-07-20',125),(64142,64142,'2014-12-14',125),(64160,64160,'2010-06-24',125),(64201,64201,'2011-01-02',125),(64251,64251,'2013-07-03',125),(64259,64259,'2011-08-29',125),(64275,64275,'2010-07-25',125),(64318,64318,'2010-09-15',125),(64360,64360,'2010-01-16',125),(64406,64406,'2013-05-15',125),(64452,64452,'2011-07-20',125),(64579,64579,'2011-03-11',334),(64652,64652,'2012-11-23',334),(64688,64688,'2012-10-21',334),(64689,64689,'2012-10-11',334),(64725,64725,'2014-12-26',334),(64770,64770,'2014-12-28',334),(64826,64826,'2012-12-16',334),(64869,64869,'2010-08-26',334),(64888,64888,'2014-12-12',334),(64996,64996,'2014-06-10',395),(65015,65015,'2014-04-24',395),(65031,65031,'2011-10-12',279),(65053,65053,'2012-05-13',297),(65117,65117,'2013-05-24',337),(65202,65202,'2011-08-22',102),(65260,65260,'2012-08-05',102),(65285,65285,'2013-01-28',102),(65329,65329,'2012-02-13',102),(65396,65396,'2013-04-18',470),(65532,65532,'2010-08-11',135),(65541,65541,'2011-05-12',135),(65543,65543,'2010-05-04',135),(65690,65690,'2010-12-31',471),(65741,65741,'2013-06-24',27),(65754,65754,'2013-11-21',27),(65763,65763,'2014-09-14',27),(65798,65798,'2014-02-08',27),(65959,65959,'2012-08-25',442),(65974,65974,'2011-09-13',481),(66251,66251,'2013-04-20',414),(66257,66257,'2014-11-22',414),(66337,66337,'2014-04-11',493),(66381,66381,'2012-01-10',205),(66576,66576,'2012-12-30',418),(66590,66590,'2010-05-17',418),(66593,66593,'2013-06-18',418),(66608,66608,'2013-09-23',434),(66613,66613,'2013-01-09',434),(66646,66646,'2010-07-20',495),(66745,66745,'2011-06-12',495),(66784,66784,'2013-06-17',495),(66786,66786,'2014-06-12',495),(66834,66834,'2014-05-23',495),(66876,66876,'2012-12-01',495),(66895,66895,'2013-08-31',495),(66931,66931,'2010-07-24',495),(67000,67000,'2014-04-13',495),(67032,67032,'2011-02-10',495),(67088,67088,'2011-09-06',495),(67137,67137,'2014-07-02',495),(67251,67251,'2012-04-18',495),(67284,67284,'2012-12-13',495),(67294,67294,'2014-06-03',495),(67317,67317,'2013-10-14',495),(67337,67337,'2014-10-24',495),(67360,67360,'2014-06-28',495),(67375,67375,'2012-12-20',495),(67382,67382,'2014-07-31',495),(67422,67422,'2010-01-09',495),(67449,67449,'2012-06-08',467),(67469,67469,'2014-04-26',467),(67662,67662,'2010-07-23',132),(382534,44219,'2014-12-12',82),(9865783,4296,'2014-08-06',424),(9865784,4296,'2014-08-07',424),(9865785,4296,'2014-08-08',424),(9865786,4296,'2014-08-09',424),(9865787,4296,'2014-08-10',424),(9865788,4296,'2014-08-11',424),(9865789,4296,'2014-08-12',424),(9865710,4296,'2014-08-13',424);
/*!40000 ALTER TABLE `flights` ENABLE KEYS */;
UNLOCK TABLES;

--
-- Table structure for table `flights_has_passengers`
--

DROP TABLE IF EXISTS `flights_has_passengers`;
/*!40101 SET @saved_cs_client     = @@character_set_client */;
/*!40101 SET character_set_client = utf8 */;
CREATE TABLE `flights_has_passengers` (
  `flights_id` int(11) NOT NULL,
  `passengers_id` int(11) NOT NULL,
  PRIMARY KEY (`flights_id`,`passengers_id`),
  KEY `fk_flights_has_passengers_passengers1_idx` (`passengers_id`),
  KEY `fk_flights_has_passengers_flights1_idx` (`flights_id`)
) ENGINE=MyISAM DEFAULT CHARSET=utf8;
/*!40101 SET character_set_client = @saved_cs_client */;

--
-- Dumping data for table `flights_has_passengers`
--

LOCK TABLES `flights_has_passengers` WRITE;
/*!40000 ALTER TABLE `flights_has_passengers` DISABLE KEYS */;
INSERT INTO `flights_has_passengers` VALUES (29,25089),(29,27491),(58,5034),(58,7294),(58,9064),(58,9881),(58,11096),(222,2735),(222,11909),(222,29432),(258,11567),(258,20433),(423,3057),(423,10343),(433,21072),(433,25089),(433,27539),(537,4121),(537,9139),(537,25089),(559,25089),(559,28608),(610,13300),(610,17724),(697,17717),(797,3878),(797,20381),(797,31575),(850,29296),(884,3354),(936,5095),(936,25089),(1012,8665),(1012,25089),(1012,25897),(1181,10012),(1181,21097),(1181,22820),(1181,25089),(1313,10545),(1344,418),(1473,6489),(1492,662),(1516,17580),(1516,17796),(1565,764),(1650,17549),(1650,25089),(1742,24976),(1875,51),(1875,17698),(1875,24980),(1935,20138),(1935,25089),(1935,25736),(2032,16179),(2032,25089),(2166,9400),(2166,11093),(2166,22020),(2166,32048),(2282,28469),(2295,7222),(2295,21377),(2295,25089),(2295,25331),(2502,10552),(2502,18956),(2502,25089),(2622,9699),(2622,30195),(2624,14945),(2624,20404),(2697,19580),(2698,5710),(2698,18260),(2698,25089),(2698,27663),(2790,16960),(2813,601),(2813,20706),(2813,25089),(2831,10173),(2831,18939),(2831,25089),(2857,9792),(2857,15461),(2857,25089),(2857,26667),(2857,29514),(2868,4739),(2868,22760),(2868,25089),(2868,25311),(2932,15263),(3129,16211),(3178,853),(3178,25089),(3178,32445),(3304,25089),(3304,31232),(3339,265),(3339,15753),(3339,29398),(3352,18171),(3352,25089),(3405,10513),(3405,11114),(3408,18603),(3412,32264),(3467,6308),(3467,18321),(3557,24253),(3557,25089),(3593,2809),(3593,17586),(3593,23552),(3596,3030),(3596,25089),(3623,12710),(3641,15621),(3641,25089),(3875,21861),(3875,23798),(3875,25089),(3992,29542),(4061,12245),(4061,22248),(4084,13265),(4090,30450),(4123,3878),(4123,8537),(4123,23163),(4123,32644),(4158,3032),(4158,7988),(4158,8231),(4158,20537),(4214,16788),(4214,18172),(4214,20655),(4215,22406),(4215,31299),(4216,14364),(4216,16451),(4216,25089),(4216,30645),(4296,11794),(4296,32298),(4425,20437),(4442,18902),(4451,22737),(4451,25089),(4489,17663),(4489,25246),(4510,17179),(4523,3044),(4523,5765),(4539,7449),(4550,3510),(4550,25305),(4588,13021),(4596,1066),(4596,32975),(4620,9081),(4620,9526),(4620,12419),(4620,25089),(4649,32215),(4650,1163),(4650,13064),(4650,13495),(4650,25089),(4656,11545),(4748,374),(4748,10811),(4814,30626),(4861,5762),(4861,22778),(4910,21401),(4910,26852),(4913,32351),(4947,704),(4947,5211),(4982,8025),(4982,9138),(5010,19947),(5010,30067),(5012,15542),(5050,15662),(5050,17102),(5050,18940),(5236,14884),(5248,8387),(5252,2979),(5258,12188),(5258,31005),(5277,17555),(5328,15065),(5328,17416),(5514,23176),(5514,26869),(5519,15213),(5519,23011),(5519,30463),(5532,1009),(5532,19620),(5532,33129),(5578,8678),(5578,12900),(5619,15082),(5619,26177),(5621,1781),(5621,5260),(5786,927),(5786,3079),(5803,22696),(5847,25988),(5847,30948),(5852,21137),(5852,22212),(5872,6700),(5893,9725),(5893,14751),(5893,19312),(5926,17721),(5929,2670),(5929,9075),(5929,26221),(5942,17114),(5942,20305),(5992,13529),(6064,29073),(6137,10901),(6137,22518),(6150,532),(6150,4377),(6166,12044),(6272,828),(6272,8005),(6272,15529),(6272,18927),(6272,21535),(6272,32975),(6301,24153),(6580,13787),(6580,27919),(6620,11564),(6620,18949),(6620,19656),(6671,2517),(6671,10307),(6671,24245),(6736,33387),(6803,6577),(6836,11120),(6873,9996),(6873,24314),(6980,15520),(6983,6725),(7001,23953),(7001,25089),(7001,29393),(7078,5533),(7078,13774),(7078,23782),(7078,25995),(7146,14154),(7146,24962),(7172,3831),(7182,14405),(7242,7975),(7242,14372),(7302,8613),(7302,16553),(7302,31273),(7353,11943),(7353,23662),(7412,33760),(7441,15666),(7441,15766),(7441,33559),(7456,26383),(7456,27619),(7486,5119),(7486,29359),(7506,4495),(7506,7467),(7506,19436),(7524,11285),(7524,11554),(7524,13081),(7524,30987),(7664,30561),(7677,17711),(7688,15113),(7706,23083),(7777,16407),(7777,25089),(8531,11305),(8531,30855),(8595,20640),(8732,6318),(8741,11895),(8795,2946),(8795,25089),(8925,23787),(8948,3089),(8948,25089),(8948,29317),(8948,33127),(9144,11994),(9144,14606),(9144,14921),(9144,30562),(9160,24978),(9168,16645),(9168,28975),(9340,18636),(9346,3504),(9346,7793),(9346,12167),(9346,17368),(9346,32116),(9351,17093),(9360,7294),(9360,7689),(9360,8692),(9360,13632),(9364,7482),(9565,31094),(9565,31239),(9644,932),(9660,28576),(9681,3840),(9681,12251),(9681,29436),(9712,1034),(9712,5477),(9757,10573),(9822,13963),(9964,17401),(9964,32620),(9986,6883),(9986,25089),(10131,27419),(10131,29794),(10210,5047),(10210,26146),(10216,26532),(10229,33880),(10240,17425),(10273,6301),(10273,18165),(10273,25089),(10343,21849),(10349,10149),(10349,17197),(10349,21781),(10349,22009),(10349,23163),(10412,21),(10418,18777),(10512,21085),(10520,8135),(10520,9275),(10543,2289),(10543,10109),(10543,17280),(10560,22126),(10565,25064),(10565,30784),(10587,21223),(10587,25089),(10587,31932),(10730,10105),(10730,26968),(10734,5811),(10734,31036),(10734,33080),(10735,1406),(10735,16446),(10735,30515),(10778,2355),(10778,9112),(10778,9473),(10778,14651),(10778,23179),(10778,31007),(10786,29058),(10786,32115),(10832,9757),(10832,25089),(10832,29942),(10868,2838),(10868,11764),(10907,1716),(10907,10470),(11232,25089),(11232,28454),(11307,19664),(11317,1047),(11317,10834),(11341,3778),(11341,5491),(11341,25089),(11495,11568),(11495,25089),(11549,13204),(11549,26372),(11581,14259),(11581,19257),(11581,22946),(11581,31475),(11606,5853),(11606,6817),(11606,12736),(11606,17104),(11606,28832),(11673,11309),(11673,31413),(11673,32484),(11686,5025),(11686,8848),(11686,24978),(11709,22093),(11709,25038),(11709,27692),(11761,2753),(11761,12887),(11813,18252),(11970,9499),(11970,20725),(11981,7476),(11981,13416),(11981,28858),(12003,28633),(12034,9296),(12034,18597),(12034,25089),(12147,28971),(12147,33600),(12188,23443),(12196,171),(12196,1902),(12196,19688),(12240,26283),(12253,11928),(12253,25089),(12297,11783),(12297,15004),(12297,17013),(12322,14054),(12322,16965),(12344,13961),(12385,24411),(12480,12987),(12560,13329),(12560,14403),(12560,25089),(12620,9304),(12620,30161),(12656,6982),(12680,13155),(12680,16331),(12680,26407),(12683,2017),(12683,33197),(12785,1631),(12800,2553),(12800,30319),(12807,7735),(12807,15300),(12807,20319),(12850,10218),(12850,25089),(12850,26839),(12850,29454),(13795,839),(13795,14697),(13811,5637),(13811,20623),(13811,29672),(13828,1650),(13828,25089),(13886,23076),(13886,25089),(13949,10735),(13949,10814),(13963,19423),(13963,21720),(13995,1047),(13995,16321),(14034,13215),(14034,31712),(14128,5777),(14128,8386),(14128,11327),(14128,25089),(14381,5355),(14381,5648),(14381,23388),(14381,25089),(14381,33848),(14522,15899),(14522,17049),(14634,4084),(14676,21962),(14711,7777),(14805,13944),(14805,22235),(14805,22320),(14805,26819),(14805,33985),(14844,10918),(14924,16987),(14924,19708),(14924,25089),(14924,27336),(14924,29809),(14924,33804),(14958,1505),(14971,4620),(14971,14726),(14971,15958),(14971,25089),(14971,25268),(14994,18789),(14994,22554),(15006,16337),(15006,26920),(15022,1657),(15022,25089),(15370,12844),(15370,25089),(15370,28365),(15393,2167),(15393,22304),(15393,25089),(15393,28878),(15470,14641),(15470,28912),(15470,33032),(15512,3340),(15512,20915),(15512,25089),(15512,32983),(15629,6273),(15629,32340),(15632,18000),(15632,25089),(15632,28179),(15762,6469),(15762,12648),(15779,17413),(15779,25089),(15846,13147),(15846,30851),(15854,25089),(15854,32674),(15935,27451),(15938,4987),(15938,7510),(15938,18278),(15938,26728),(15938,28834),(15939,17093),(15939,25089),(15939,27443),(15939,33995),(16068,21503),(16082,9626),(16082,33424),(16131,28145),(16131,33114),(16137,4504),(16137,15659),(16137,18597),(16137,24706),(16158,22879),(16158,27601),(16298,10630),(16336,11035),(16468,27551),(16489,10468),(16489,10540),(16489,30213),(16512,18072),(16523,22298),(16651,9160),(16651,33567),(16677,14191),(16677,30312),(16734,23188),(16734,30557),(16771,1368),(16771,4042),(16771,8720),(16771,25089),(16771,28331),(16771,29449),(16787,10396),(16787,30105),(16837,15611),(16884,28205),(16884,29454),(16918,480),(16918,6731),(16918,23239),(17041,9672),(17105,4885),(17106,1559),(17115,5384),(17115,14858),(17115,26002),(17159,704),(17159,11865),(17163,2002),(17163,11700),(17163,32629),(17238,24817),(17238,25089),(17355,1211),(17355,2749),(17361,25089),(17361,30096),(17396,6582),(17396,30426),(17466,25089),(17466,27879),(17466,32649),(17466,33712),(17594,3978),(17594,13733),(17594,24581),(17594,29723),(17656,17002),(17656,21314),(17661,25089),(17661,33446),(17775,23454),(17775,32512),(17782,2732),(17782,8895),(17782,11136),(17782,19398),(17782,25089),(17864,4361),(17864,16250),(17864,25785),(17864,27946),(17871,18905),(17912,16189),(18018,32306),(18019,21512),(18019,25089),(18098,6602),(18121,10152),(18139,17547),(18152,6101),(18152,9349),(18152,26030),(18269,10389),(18327,23976),(18381,20245),(18381,25451),(18548,15045),(18548,20303),(18548,21509),(18614,15247),(18700,18874),(18700,27217),(18739,1865),(18739,9997),(18739,30148),(18810,7344),(18904,2513),(18904,3824),(18904,10299),(19163,23776),(19166,7976),(19166,8141),(19166,9415),(19177,17762),(19177,23248),(19222,2301),(19222,10535),(19222,11015),(19236,2428),(19236,6498),(19236,27378),(19236,27997),(19308,3266),(19308,33813),(19338,21651),(19411,5710),(19411,28331),(19442,4115),(19442,7875),(19442,20013),(19442,22182),(19442,25089),(19442,28824),(19735,4407),(19735,21350),(19735,30089),(19735,30677),(19735,32942),(19762,216),(19851,14966),(19851,22599),(19909,22080),(19909,31393),(19939,11199),(19943,15110),(19971,21354),(19971,25089),(20045,33102),(20092,4361),(20092,8458),(20092,12976),(20190,1368),(20242,2581),(20242,12268),(20242,22820),(20303,6301),(20337,31473),(20349,6714),(20349,31083),(20441,10152),(20481,16177),(20481,21599),(20528,1987),(20528,3400),(20528,19341),(20528,31496),(20762,1585),(20775,18526),(20787,23019),(20787,26341),(20787,31231),(20867,21240),(20894,6818),(20894,33843),(20895,8563),(20895,19823),(20960,18113),(20964,15070),(20984,145),(20987,12497),(21006,4509),(21006,28068),(21081,19628),(21113,3178),(21226,9775),(21226,19434),(21226,26314),(21345,32664),(21417,14867),(21417,32855),(21530,25096),(21629,4455),(21629,18880),(21629,32149),(21668,5757),(21668,18986),(21668,24825),(21756,2355),(21756,7498),(21790,7909),(21790,22344),(21907,15125),(21907,18577),(21907,20319),(21951,20730),(21973,95),(21973,22684),(21973,25089),(21973,33346),(22007,33271),(22013,20301),(22013,25089),(22105,645),(22105,6567),(22105,20283),(22128,9060),(22128,11277),(22129,20663),(22129,25089),(22313,22456),(22313,31521),(22320,16840),(22365,3079),(22365,14168),(22365,25475),(22368,587),(22368,22149),(22614,10389),(22614,13445),(22620,4576),(22620,10939),(22625,2622),(22634,14626),(22634,25016),(22634,33774),(22688,1098),(22695,21752),(22735,28041),(22751,13043),(22751,25089),(22923,6502),(22923,15306),(23040,18403),(23040,21990),(23040,25089),(23084,1161),(23084,12715),(23252,19296),(23299,6185),(23299,31807),(23303,5771),(23303,13717),(23303,18858),(23303,22920),(23323,627),(23323,14874),(23323,25089),(23431,5269),(23431,29432),(23435,15801),(23435,21938),(23435,25089),(23995,28680),(24029,22108),(24029,25089),(24067,7645),(24197,5335),(24197,13527),(24197,25089),(24375,3791),(24375,8335),(24375,16089),(24463,11735),(24463,19224),(24463,20204),(24463,30777),(24465,382),(24485,1885),(24485,7296),(24485,12280),(24485,18136),(24485,24761),(24485,25089),(24485,31264),(24541,10241),(24541,15503),(24562,5989),(24562,15503),(24562,25089),(24603,20814),(24603,25089),(24603,32393),(24748,3097),(24748,8436),(24748,18557),(24748,25089),(24748,26886),(24781,15647),(24782,16199),(24782,22410),(24782,25089),(24970,16724),(24970,28669),(25019,4078),(25019,18610),(25019,30555),(25027,16646),(25048,7235),(25048,9715),(25048,16514),(25048,21257),(25048,23084),(25467,12284),(25467,26543),(25527,27630),(25527,30134),(25527,32240),(25529,13385),(25529,25710),(25529,28522),(25555,9065),(25555,25089),(25603,9572),(25603,18937),(25710,8569),(25710,20026),(25710,25089),(25780,13259),(25780,25089),(25813,501),(25904,19286),(25904,24721),(25922,9868),(26012,7524),(26012,29422),(26043,9124),(26043,29842),(26075,13327),(26075,20213),(26098,12699),(26098,16560),(26098,30173),(26098,33332),(26135,18554),(26324,9788),(26324,32617),(26324,33604),(26372,991),(26372,32272),(26408,9167),(26408,14736),(26408,33652),(26476,19362),(26476,29834),(26484,11766),(26484,24994),(26569,1366),(26569,14671),(26569,22745),(26578,23351),(26631,10069),(26631,25744),(26664,7751),(26664,18557),(26664,25322),(26670,12932),(26680,6994),(26680,19231),(26733,8072),(26733,33961),(26779,19193),(27074,2126),(27074,8921),(27121,9980),(27124,26416),(27124,27777),(27161,22174),(27353,1522),(27431,1321),(27431,1466),(27495,3622),(27495,21941),(27495,22075),(27526,21685),(27569,10439),(27600,7468),(27600,18687),(27600,26372),(27600,32198),(27653,4290),(27653,23649),(27653,25612),(27653,32708),(27936,7113),(27936,25003),(28040,3858),(28040,12828),(28040,21884),(28040,30658),(28208,23203),(28208,30400),(28208,32851),(28254,3631),(28254,18375),(28254,25089),(28449,26618),(28492,24925),(28492,25089),(28553,8607),(28553,8761),(28553,32565),(28559,3461),(28559,5270),(28559,7889),(28615,10247),(28642,26603),(28653,16090),(28759,23991),(28810,1447),(28810,15247),(28810,19334),(28810,25089),(29334,2654),(29334,14491),(29358,5761),(29358,8914),(29358,9896),(29358,16326),(29381,1343),(29381,8467),(29381,25089),(29381,33459),(29464,1322),(29464,7308),(29509,134),(29514,4033),(29514,7019),(29514,25089),(29550,13043),(29636,8537),(29636,32945),(29650,15848),(29650,16410),(29650,25089),(29924,9809),(29924,16961),(29924,25089),(30037,28143),(30038,13219),(30038,20756),(30038,32490),(30049,4851),(30049,30002),(30071,3382),(30071,17678),(30072,9311),(30072,11343),(30072,25089),(30174,5330),(30178,2221),(30178,4706),(30225,22471),(30246,27564),(30360,20113),(30402,6722),(30402,18829),(30402,25089),(30402,32192),(30600,853),(30600,12637),(30600,16579),(30613,17236),(30613,25089),(30651,1884),(30651,25089),(30651,30529),(30651,31380),(30720,10098),(30720,11352),(30720,25089),(30820,2677),(30820,31470),(30820,32350),(30846,4040),(30846,25089),(30846,27868),(30857,5187),(30857,25089),(30857,31269),(30902,2472),(30902,7669),(30902,33634),(31020,3247),(31020,8456),(31020,25089),(31028,3921),(31028,15198),(31028,29834),(31057,8078),(31057,25301),(31098,10152),(31113,12095),(31113,14313),(31113,25089),(31208,25844),(31242,7377),(31336,1088),(31336,9496),(31336,26333),(31348,8720),(31351,11578),(31375,11343),(31385,11364),(31456,15611),(31456,32337),(31520,8593),(31520,12723),(31520,14175),(31520,15832),(31520,21029),(31542,11175),(31542,22179),(31542,25089),(31724,13958),(31724,17028),(31735,6035),(31735,16026),(31735,30189),(31812,23581),(31919,3339),(31919,11835),(31919,25089),(31986,17217),(31986,25089),(32156,14613),(32169,25089),(32169,33406),(32192,3192),(32192,18273),(32192,26833),(32276,12641),(32276,27346),(32333,25185),(32388,4945),(32388,17048),(32591,22700),(32594,3368),(32628,8758),(32638,10247),(32652,27929),(32709,10415),(32709,18259),(32715,13684),(32715,25089),(33078,9051),(33078,15944),(33078,18489),(33082,10826),(33082,25089),(33091,2835),(33091,6014),(33091,17804),(33135,14795),(33135,32511),(33148,21046),(33181,12061),(33181,13304),(33218,14160),(33218,25089),(33218,28746),(33361,1569),(33392,9295),(33392,18266),(33424,7860),(33424,8667),(33471,19423),(33498,2677),(33498,25089),(33705,4765),(33705,5009),(33710,5477),(33710,15955),(33711,23889),(33711,25089),(33711,26815),(33728,3780),(33728,11015),(33728,17411),(33728,25089),(33728,30151),(33906,32099),(33953,25089),(33953,29260),(34142,25764),(34143,10343),(34155,8602),(34155,31778),(34260,18422),(34260,20811),(34260,22133),(34291,7523),(34291,9716),(34291,12044),(34355,3202),(34355,19479),(34389,2957),(34389,18991),(34390,23315),(34410,21996),(34410,25089),(34410,31080),(34532,8417),(34532,11372),(34532,27417),(34570,20847),(34570,23013),(34574,8855),(34574,10474),(34574,12611),(34574,33903),(34597,22892),(34632,27377),(34632,30812),(34703,25089),(34703,32854),(34899,8982),(34899,25089),(34919,2654),(34919,13290),(34934,5115),(34961,6360),(34961,9987),(34963,16183),(35033,15214),(35033,25089),(35033,31583),(35110,6741),(35110,14112),(35110,23161),(35117,6014),(35180,22009),(35185,22292),(35195,2765),(35195,7427),(35195,27490),(35279,14020),(35279,25089),(35325,15050),(35325,27321),(35382,1754),(35382,25089),(35455,1340),(35455,25089),(35543,21584),(35543,25089),(35678,12118),(35678,24234),(35678,24581),(35678,32512),(35683,26476),(35694,10238),(35694,25089),(35694,29642),(35732,2648),(35732,9235),(35732,14174),(35732,19939),(35732,30490),(35759,18543),(35789,9250),(35789,30541),(35789,33531),(35811,6423),(35811,19060),(35811,25089),(35869,1066),(35869,3765),(35869,21681),(35874,23098),(35874,30359),(35889,15971),(35889,33151),(35922,14671),(35939,14791),(35939,30173),(35941,24865),(36002,9030),(36002,27150),(36070,1794),(36070,9397),(36070,25089),(36159,26968),(36159,31515),(36178,54),(36194,1505),(36215,9906),(36215,17798),(36215,23370),(36284,18273),(36395,7905),(36446,1224),(36446,11073),(36448,4505),(36448,7358),(36448,31633),(36448,31713),(36504,2408),(36504,4274),(36504,18230),(36546,26139),(36555,6593),(36555,12451),(36599,27866),(36599,33284),(36640,20255),(36640,28510),(36657,15449),(36657,17678),(36700,11482),(36700,24142),(36768,7681),(36768,9133),(36768,12360),(36768,29201),(36792,30891),(36923,23319),(36941,374),(36941,25089),(37080,3412),(37080,20381),(37080,29876),(37119,16089),(37119,18218),(37119,25089),(37119,30275),(37189,5873),(37189,25089),(37317,11878),(37317,25089),(37317,26333),(37317,33349),(37540,22267),(37540,24884),(37540,25089),(37571,1328),(37571,3459),(37571,23867),(37661,14031),(37727,19888),(37766,23636),(37766,25089),(37766,31633),(38034,30195),(38161,11566),(38352,10226),(38381,73),(38418,13019),(38518,8978),(38529,20181),(38786,15837),(38804,6516),(38804,7121),(38804,12021),(38804,25032),(38832,4386),(38832,25089),(38832,31459),(38921,10550),(38921,25089),(39020,4051),(39020,30325),(39042,12635),(39042,25089),(39213,7946),(39219,21773),(39246,30002),(39331,8049),(39331,16924),(39387,23352),(39418,32433),(39427,4038),(39427,18763),(39502,7710),(39502,8480),(39506,5883),(39506,25089),(39537,17984),(39537,25089),(39603,11044),(39678,17493),(39678,20437),(39678,33978),(39680,6927),(39680,11490),(39701,3449),(39753,8152),(39753,18549),(39753,25089),(39915,210),(39915,1798),(39915,12518),(39915,25089),(39952,16496),(39952,23054),(39952,25694),(39992,19573),(39992,25089),(39992,29716),(40141,2990),(40141,8064),(40141,11547),(40155,28406),(40209,20625),(40230,983),(40230,2548),(40230,10134),(40268,22082),(40297,13901),(40297,23348),(40322,14313),(40340,3311),(40340,28398),(40340,31053),(40401,8349),(40401,25089),(40536,8930),(40536,11365),(40538,1208),(40538,18850),(40538,22133),(40645,1922),(40645,3599),(40645,25475),(40721,14559),(40721,18297),(40731,4517),(40731,10110),(40731,28914),(40825,10981),(40825,18501),(40825,23106),(40825,23232),(40825,25089),(40825,27429),(40825,31516),(40878,19829),(40878,25089),(40945,25089),(40945,29814),(40978,5400),(40978,10856),(40978,18404),(40978,22169),(40978,25089),(41135,21196),(41254,308),(41254,23122),(41329,10805),(41329,20150),(41330,16762),(41330,20641),(41330,25089),(41330,30252),(41345,11540),(41345,13492),(41382,2974),(41388,4820),(41388,20164),(41388,31375),(41475,3986),(41475,29487),(41478,22355),(41478,28923),(41489,1878),(41489,13334),(41489,24916),(41494,9648),(41521,877),(41521,7043),(41521,27167),(41521,29228),(41550,18726),(41595,21865),(41621,16446),(41621,17119),(41621,30896),(41818,9458),(41851,2205),(41851,2280),(41851,25987),(41851,27995),(41876,9571),(41897,31341),(41942,31746),(41949,11825),(41979,6266),(41979,31983),(42083,8216),(42190,8677),(42190,29474),(42311,16912),(42311,21284),(42311,26286),(42311,31542),(42341,21487),(42415,6836),(42415,7216),(42415,7268),(42477,11004),(42477,13913),(42477,15048),(42477,24807),(42477,25089),(42741,25089),(42741,28660),(42848,24495),(42856,10871),(42856,20267),(42856,26906),(42856,31094),(42866,32640),(42876,22121),(42876,33985),(42878,8153),(42878,21070),(42919,27328),(42960,22648),(42965,8663),(42965,12349),(42965,21163),(43012,28839),(43043,15021),(43068,15520),(43084,1170),(43084,31384),(43201,4379),(43201,22014),(43229,16815),(43229,21366),(43229,25089),(43304,27901),(43312,7563),(43312,11356),(43364,6250),(43364,9340),(43375,3044),(43375,8342),(43469,4727),(43469,5165),(43533,11654),(43533,14644),(43533,32565),(43546,5718),(43549,24581),(43549,25089),(43549,30866),(43626,767),(43626,25089),(43653,15070),(43653,28234),(43698,10105),(43698,25089),(43698,30668),(43758,18970),(43758,25089),(43933,31324),(43990,12553),(43993,25089),(43993,26182),(44186,9437),(44186,12232),(44186,19803),(44186,25089),(44186,27209),(44193,16267),(44193,29256),(44193,30303),(44195,28865),(44200,19015),(44200,30751),(44236,12710),(44251,15286),(44255,17907),(44255,31189),(44288,6423),(44288,15286),(44347,18956),(44347,25089),(44432,8934),(44432,9055),(44432,25089),(44564,10958),(44564,33233),(44633,15306),(44697,3181),(44697,16890),(44697,25485),(44737,27723),(44781,23238),(44781,25089),(44781,31273),(44923,2575),(44923,25089),(44936,26712),(44936,27723),(44950,7696),(44950,15750),(45001,4660),(45031,9401),(45036,18885),(45036,25089),(45199,3891),(45199,12857),(45199,25089),(45199,29429),(45413,11873),(45413,12280),(45413,21070),(45413,31923),(45413,32194),(45413,33413),(45422,1956),(45475,18008),(45475,23375),(45475,25089),(45660,18302),(45669,21175),(45669,25089),(45669,25984),(45669,26926),(45848,14161),(45861,16325),(45861,17401),(45861,30474),(45872,1112),(45872,8124),(45872,12724),(45901,29486),(45920,33313),(45976,3220),(45976,21391),(45976,25089),(46010,13599),(46010,18697),(46010,25089),(46010,31976),(46076,1274),(46076,25089),(46143,2776),(46143,11820),(46143,27567),(46143,28457),(46206,16035),(46206,24864),(46238,25089),(46238,31387),(46288,8388),(46288,18448),(46329,10769),(46329,16890),(46329,17711),(46329,25089),(46451,7000),(46451,32093),(46463,13041),(46463,13385),(46463,25089),(46582,21651),(46582,25089),(46686,10901),(46686,20904),(46686,25089),(46760,7947),(46760,14530),(46812,27776),(46889,11068),(46889,11372),(46927,11959),(46927,22913),(46927,30019),(47033,5224),(47033,29111),(47059,14504),(47059,18631),(47059,24731),(47079,17623),(47079,26827),(47079,27613),(47087,18768),(47121,1617),(47121,3302),(47121,15263),(47130,2179),(47130,11438),(47130,13383),(47130,28091),(47132,2813),(47132,4765),(47132,5597),(47132,32085),(47135,1970),(47135,3749),(47159,20289),(47159,25089),(47159,33200),(47177,30930),(47213,15000),(47213,25089),(47244,687),(47244,9008),(47244,11886),(47244,25089),(47269,25089),(47269,32017),(47652,627),(47658,11904),(47658,21441),(47658,25089),(47658,28378),(47704,25089),(47704,30310),(47886,9944),(47886,25089),(47899,21740),(47905,601),(47905,25089),(47970,29144),(47975,476),(47975,20504),(47981,4790),(47986,5047),(47986,25089),(47986,29900),(47986,32978),(48146,8398),(48146,10697),(48146,15329),(48146,25089),(48255,5309),(48255,15489),(48255,15721),(48312,25089),(48312,32320),(48419,4457),(48431,6789),(48431,8456),(48431,20823),(48437,18925),(48437,25089),(48505,22041),(48505,33637),(48557,1473),(48557,16352),(48557,24717),(48557,32266),(48700,180),(48700,13599),(48700,15260),(48723,9585),(48723,25089),(48794,29083),(48794,30421),(48795,22235),(48795,27652),(48825,6863),(48825,15165),(48825,25089),(48986,9257),(48986,20105),(49100,15129),(49102,13765),(49102,15052),(49102,22403),(49152,32198),(49205,5533),(49205,26778),(49211,25017),(49211,25089),(49211,33801),(49380,14353),(49401,12078),(49401,16973),(49401,25180),(49401,29564),(49513,27776),(49552,4034),(49552,25089),(49552,26224),(49552,28733),(49582,6387),(49582,7031),(49582,20599),(49582,25089),(49601,24680),(49601,25089),(49776,2497),(49776,12218),(49867,16252),(49867,23284),(49885,907),(49885,27167),(50161,2474),(50161,19124),(50161,23429),(50161,25089),(50433,308),(50433,14594),(50433,17540),(50433,26592),(50503,29924),(50570,3961),(50570,8823),(50570,23046),(50570,25089),(50570,28507),(50695,3132),(50695,7860),(50695,15408),(50695,23716),(50695,25694),(50702,23065),(50702,25089),(50759,7468),(50759,9461),(50759,21857),(50759,30542),(50808,16608),(50808,20243),(50870,17005),(51011,11609),(51016,20041),(51016,25867),(51016,31337),(51097,5883),(51127,183),(51127,30134),(51131,4895),(51145,25089),(51145,28206),(51468,9532),(51468,9962),(51468,18190),(51590,3105),(51590,19786),(51595,10557),(51595,19723),(51595,25089),(51760,25089),(51760,27746),(51760,30580),(51805,407),(51805,1987),(51805,11029),(51818,5440),(51818,6280),(51818,8440),(51818,23314),(51818,25089),(51830,10826),(51830,12261),(51830,25089),(51885,16638),(51885,25089),(52038,8297),(52038,17186),(52038,30401),(52096,9522),(52114,28508),(52126,1675),(52126,21189),(52143,29232),(52169,17004),(52169,17477),(52201,6666),(52201,18525),(52201,25089),(52208,1757),(52208,25089),(52230,238),(52230,2628),(52230,23878),(52230,32176),(52263,11945),(52300,5631),(52300,8734),(52395,24411),(52395,27125),(52416,8241),(52416,31638),(52470,18070),(52572,845),(52596,5140),(52596,29992),(52690,1344),(52690,23953),(52690,28385),(52693,10992),(52705,1338),(52705,4000),(52705,24093),(52705,26204),(52705,28356),(52720,9686),(52727,3570),(52727,26359),(52754,11841),(52760,14132),(52760,28901),(52800,25089),(52800,31429),(52937,25089),(52937,29524),(52937,33625),(52990,22298),(52990,23182),(53003,8031),(53038,23025),(53042,27163),(53208,14766),(53224,7826),(53224,15732),(53224,23132),(53224,33955),(53288,4942),(53288,23424),(53288,28839),(53293,5612),(53295,17002),(53295,18914),(53295,25489),(53318,1012),(53318,2157),(53318,8369),(53318,15816),(53318,15837),(53318,27571),(53322,17645),(53322,31078),(53354,11645),(53354,17610),(53428,13442),(53428,16362),(53428,25089),(53498,9081),(53498,9243),(53498,16778),(53498,21681),(53498,25089),(53611,7182),(53684,20133),(53739,9978),(53774,3806),(53774,15231),(53774,30157),(53796,24918),(53796,25089),(53970,9960),(53970,29477),(53970,32227),(53983,16961),(53983,25089),(54106,22859),(54106,25642),(54106,30082),(54115,2658),(54157,22400),(54157,25590),(54167,5391),(54180,25089),(54180,26172),(54324,25089),(54324,26833),(54441,28185),(54441,30206),(54476,8266),(54476,24001),(54569,7948),(54569,11127),(54589,6582),(54589,13099),(54589,14689),(54589,16665),(54589,32009),(54633,18187),(54735,23801),(54747,11904),(54747,19739),(54755,20955),(54804,21863),(54804,29544),(54860,22849),(54926,15829),(54943,20494),(54979,24884),(54979,25697),(54979,31318),(55016,6766),(55022,4413),(55022,15226),(55022,29833),(55022,33744),(55147,15077),(55191,23290),(55254,8114),(55254,8141),(55254,24748),(55272,3406),(55272,7197),(55283,9914),(55283,10163),(55283,25752),(55283,31641),(55341,6660),(55378,859),(55378,16710),(55378,20617),(55397,9464),(55397,23417),(55439,4016),(55439,31004),(55458,7420),(55458,25089),(55458,32855),(55553,14374),(55601,6863),(55601,15514),(55601,15911),(55601,20025),(55601,21335),(55619,5737),(55619,8035),(55619,29858),(55619,30105),(55621,8545),(55621,30209),(55623,33072),(55644,29789),(55662,9618),(55662,15540),(55662,23717),(55680,7088),(55724,29086),(55733,10024),(55733,25089),(55799,849),(55799,6502),(55799,12274),(55814,12413),(55814,18614),(55814,32838),(55822,13796),(55854,9682),(55854,28113),(55854,28243),(55900,5822),(56025,3845),(56025,16842),(56069,31912),(56101,17115),(56101,31448),(56172,5613),(56172,15470),(56172,25443),(56233,2398),(56233,12857),(56233,22039),(56233,24152),(56233,30113),(56248,3217),(56248,23234),(56306,29685),(56374,26266),(56436,10360),(56436,18376),(56436,26705),(56568,22033),(56789,2408),(56789,14694),(57012,28967),(57057,1541),(57057,28874),(57074,7768),(57078,30793),(57173,4554),(57173,12184),(57173,30741),(57205,1227),(57205,15280),(57205,15775),(57205,17282),(57205,28590),(57429,7023),(57429,30275),(57429,30490),(57429,31764),(57500,6377),(57500,10830),(57500,25354),(57535,16121),(57540,15498),(57540,22924),(57570,20637),(57570,22619),(57570,30972),(57612,9526),(57651,7234),(57651,11938),(57673,14597),(57769,6888),(57769,30640),(57803,27231),(57803,33023),(57897,1879),(57901,2162),(57916,4785),(57924,25089),(57924,31359),(58007,10710),(58007,25089),(58007,28975),(58013,11928),(58013,12044),(58013,16809),(58013,17393),(58013,19730),(58013,25089),(58013,32010),(58120,4900),(58120,18619),(58120,18894),(58294,712),(58294,10038),(58325,18252),(58325,20576),(58341,11909),(58341,15868),(58341,17645),(58341,19882),(58362,4059),(58362,25089),(58616,8809),(58725,10462),(58725,15446),(58756,7489),(58836,28331),(58904,10568),(58973,8537),(59044,7418),(59140,8157),(59140,29218),(59140,33799),(59221,3520),(59221,15775),(59221,22138),(59256,5957),(59274,18645),(59274,20118),(59300,9156),(59300,30100),(59344,4226),(59344,20829),(59401,5235),(59401,32236),(59479,11904),(59479,17807),(59504,454),(59614,16659),(59652,7911),(59733,12368),(59733,26695),(59733,28445),(59733,31600),(59825,4901),(59825,22394),(59825,29380),(59877,4745),(59877,4930),(59877,27179),(59899,4455),(59899,11242),(59899,25068),(59908,5325),(59908,21568),(59908,23322),(59908,28370),(60048,28900),(60048,31130),(60048,32298),(60151,25237),(60151,31277),(60181,7972),(60181,26444),(60211,10169),(60211,28148),(60293,1657),(60319,9665),(60319,24088),(60321,25209),(60321,31809),(60378,2398),(60378,30392),(60378,31758),(60378,33632),(60424,1339),(60424,20071),(60424,25089),(60424,25762),(60424,28745),(60625,17649),(60625,26576),(60638,4596),(60646,19118),(60667,5595),(60695,14028),(60695,25089),(60733,1456),(60733,18792),(60775,6525),(60775,25089),(60775,33608),(60797,25089),(60797,25956),(60827,237),(60889,23559),(60889,32520),(60978,6722),(60978,11814),(60978,21134),(60993,4075),(60993,30712),(60996,12953),(60996,21811),(60996,27444),(61008,25285),(61023,32774),(61036,8055),(61153,15767),(61185,14004),(61215,25089),(61215,30480),(61294,646),(61294,22877),(61294,28122),(61354,5062),(61354,12307),(61354,25089),(61390,8071),(61390,15222),(61390,25089),(61444,10750),(61444,13093),(61444,21284),(61444,33170),(61455,22446),(61509,25089),(61509,29567),(61629,21663),(61629,25089),(61629,30786),(61664,353),(61664,5501),(61664,22222),(61729,10880),(61729,23209),(61729,29422),(61784,25606),(61791,25089),(61791,26286),(61849,24777),(61898,7563),(61898,25089),(61898,32393),(61993,18970),(61993,25089),(62056,14307),(62117,10381),(62117,13090),(62126,888),(62126,6683),(62126,8677),(62126,30538),(62243,29322),(62243,33955),(62258,31396),(62297,21267),(62297,23298),(62329,7965),(62369,998),(62369,3036),(62369,8543),(62369,25089),(62580,3728),(62580,15123),(62580,21916),(62580,25089),(62580,25246),(62619,15529),(62619,24133),(62637,3392),(62637,4366),(62637,5022),(62637,14945),(62637,15805),(62695,7219),(62721,14752),(62757,18308),(62757,27466),(62900,6818),(63027,33631),(63069,6673),(63069,9582),(63069,25089),(63069,28813),(63088,5507),(63088,13541),(63088,25089),(63088,33698),(63126,25089),(63126,27744),(63167,9868),(63167,17945),(63167,18098),(63206,1076),(63206,5110),(63263,2758),(63263,24174),(63265,12849),(63314,17576),(63334,9060),(63339,25089),(63339,30814),(63493,2672),(63493,4997),(63546,2386),(63588,3861),(63588,27034),(63611,2213),(63611,24905),(63611,25648),(63611,30611),(63655,5652),(63690,33941),(63735,20472),(63783,570),(63836,14725),(63836,25255),(63863,9585),(63863,15092),(63863,28420),(63891,12521),(63891,13197),(64004,21411),(64057,31522),(64110,18538),(64110,31955),(64142,7302),(64142,18016),(64142,20107),(64142,32058),(64160,1712),(64160,27433),(64201,26132),(64251,19858),(64259,12179),(64275,7351),(64275,26227),(64318,24841),(64360,16936),(64360,22319),(64360,28313),(64406,14348),(64406,24777),(64452,25089),(64452,27992),(64579,9930),(64652,20433),(64688,9848),(64688,30177),(64689,9769),(64689,10420),(64689,11340),(64689,24186),(64725,25345),(64770,31488),(64770,33267),(64826,22009),(64826,23895),(64826,31373),(64869,19895),(64869,21968),(64869,32733),(64888,5223),(64888,25089),(64888,25268),(64888,31811),(64996,10544),(64996,25016),(65015,24495),(65015,25089),(65015,33388),(65031,12157),(65031,25089),(65053,576),(65053,25089),(65053,31809),(65117,23738),(65117,25089),(65202,3016),(65202,22705),(65202,30241),(65260,29860),(65285,18740),(65285,27209),(65285,33646),(65329,25089),(65329,32543),(65396,5344),(65396,19937),(65396,30729),(65532,8831),(65541,36),(65541,17698),(65541,33242),(65543,19830),(65543,25089),(65690,9114),(65690,9458),(65690,23321),(65690,25089),(65741,7434),(65741,22526),(65741,32010),(65754,193),(65754,6476),(65754,16990),(65754,18632),(65763,14161),(65763,20276),(65763,21120),(65798,7822),(65798,25089),(65798,26291),(65959,2194),(65959,4883),(65959,5781),(65959,25089),(65959,26321),(65974,25089),(65974,32250),(66251,11922),(66257,13306),(66257,22709),(66257,25089),(66337,1335),(66337,5678),(66337,25089),(66381,1573),(66381,6420),(66381,25089),(66576,25170),(66590,10026),(66593,17756),(66593,25089),(66593,27279),(66608,14710),(66613,20433),(66613,25089),(66613,28705),(66646,12065),(66745,24617),(66784,3390),(66784,28573),(66786,10874),(66786,21488),(66786,22014),(66834,1130),(66834,11927),(66834,14525),(66876,3504),(66876,14142),(66876,14964),(66876,18019),(66895,19931),(66895,31255),(66931,16636),(66931,19969),(67000,3154),(67000,7687),(67000,10466),(67000,11073),(67032,32518),(67088,8387),(67088,19830),(67088,27336),(67137,678),(67137,5936),(67137,19468),(67251,1049),(67251,8986),(67251,28395),(67284,5373),(67284,8415),(67284,20667),(67294,10622),(67317,22920),(67317,33134),(67337,23671),(67337,28135),(67360,2148),(67360,5293),(67360,15573),(67360,22268),(67375,10830),(67375,15691),(67382,7769),(67382,26869),(67382,29100),(67422,20351),(67422,25089),(67449,28887),(67469,25089),(67469,30156),(67662,9582),(67662,15276),(67662,25089),(382534,25089),(9865710,238),(9865710,20303),(9865710,29876),(9865710,31396),(9865710,32298),(9865783,237),(9865783,238),(9865783,265),(9865783,19118),(9865783,20303),(9865783,22406),(9865783,29876),(9865783,31396),(9865783,32298),(9865784,237),(9865784,238),(9865784,265),(9865784,19118),(9865784,20303),(9865784,22406),(9865784,32298),(9865785,237),(9865785,238),(9865785,265),(9865785,19118),(9865785,20303),(9865785,22406),(9865785,31396),(9865785,32298),(9865786,237),(9865786,19118),(9865786,20303),(9865786,22406),(9865786,24884),(9865786,32298),(9865787,237),(9865787,19118),(9865787,24884),(9865787,29876),(9865787,31396),(9865788,238),(9865788,24884),(9865788,31396),(9865789,238),(9865789,24884);
/*!40000 ALTER TABLE `flights_has_passengers` ENABLE KEYS */;
UNLOCK TABLES;

--
-- Table structure for table `passengers`
--

DROP TABLE IF EXISTS `passengers`;
/*!40101 SET @saved_cs_client     = @@character_set_client */;
/*!40101 SET character_set_client = utf8 */;
CREATE TABLE `passengers` (
  `id` int(11) NOT NULL,
  `name` varchar(45) DEFAULT NULL,
  `surname` varchar(45) DEFAULT NULL,
  `year_of_birth` int(11) DEFAULT NULL,
  PRIMARY KEY (`id`)
) ENGINE=MyISAM DEFAULT CHARSET=utf8;
/*!40101 SET character_set_client = @saved_cs_client */;

--
-- Dumping data for table `passengers`
--

LOCK TABLES `passengers` WRITE;
/*!40000 ALTER TABLE `passengers` DISABLE KEYS */;
INSERT INTO `passengers` VALUES (20025,'Umon','Rakelmu',1994),(21,'Ril\'entha','Erusk',1959),(27613,'Essen','Teinskel',1980),(36,'Tonler','Quooch',1997),(38,'Phandorm','A\'shygar',1922),(51,'Umsul','Lyeun',1976),(54,'Etton','Haelm',1984),(25788,'Suit','Lyeage',1990),(73,'Polf','Ran\'cha',2012),(17762,'Ardoz-ine','Usk\'lye',1958),(95,'Delenth','Emves',1995),(21663,'Anang','Omor',1953),(28457,'Pyvyto','Ustiard',1943),(32518,'Umran','R\'erton',1930),(129,'Rilina','Hat\'kin',1936),(134,'Emray','Adom',1969),(17150,'Onad','Aughrad',2001),(145,'Nebime','Hiden',2008),(15198,'Ald\'nysi','Yari',1973),(21039,'Im\'ena','Wofilixy',1944),(171,'Garestenth','Polbur',2009),(24919,'Sulsam','Irburo',2003),(29111,'Turol','Turalehon',1983),(180,'Yerrit','Elmgh',1967),(183,'Yurninysu','Aldsay',1952),(185,'Rousiss','Anrak',1992),(29201,'Rod\'pol','Ghaskel',2003),(193,'Ales','Shyad',1931),(24721,'Stytia','Asq',2015),(210,'Ser\'aldi','Nys\'urnu',2009),(216,'Teud','Dans',1980),(32298,'Dyntasa','Reasat',1954),(20303,'Takbel','Issk',1956),(22406,'Ednyi','Ar\'shy',1928),(19118,'Burenth','Snenys',1959),(237,'Taiton','Tansam',1979),(238,'Anrad','Ryinarak',1950),(31396,'Denbelu','Synywil',1946),(29876,'Ethoni','Inggha',1983),(265,'Oduir','Thryathskel',1983),(24884,'Cheal','Eisso',2001),(308,'Dradril','Oory',1982),(28746,'Netexi','Deroth',1945),(16514,'Garkel','Achvor',2001),(26920,'Ildcerler','Onmrak',1931),(29567,'Queche','Darcer',1953),(26286,'Serip','Issekim',1924),(353,'Swayq','Lloest',1927),(374,'Aughina','Tyler',1933),(382,'Skelrr','Snaserryn',1982),(386,'Emsusk','Honm',2008),(29429,'Engrynest','Atton',1953),(16646,'Honem','Oldash',1993),(407,'Smaina','Tubone',1979),(418,'Catia','Kinnskel',1945),(30148,'Semoza','Dan\'athe',2008),(23717,'Orm\'dene','Yerbelina',1963),(32733,'Hat\'chei','Omorm',2002),(454,'Undose','Or\'mor',1990),(18970,'Lotan','Rilden',2008),(26444,'On\'sayu','Quabgar',1959),(15691,'Ovori','Daracky',1936),(476,'Sien','Delend',1942),(480,'Itan','Arem',1964),(16177,'Delmora','Age\'ashi',1987),(501,'Moennlye','Dyntas',2000),(506,'Ardb','Ustver',1920),(508,'Awven','Kotherton',2011),(33652,'Elmine','Raycash',1970),(23991,'Angenth','Drabel',1966),(532,'Loras','Imebur',1931),(24748,'Yire','Hon\'mori',1959),(17179,'Warod','Denan',1968),(32010,'Techir','Keded',1968),(15280,'Rilnysryn','Llulkin',1970),(22075,'Yacka','Moruine',1978),(570,'Ormurn','Shylor',1987),(576,'Enthlor','Banshy',1956),(33600,'Emvermos','Acksam',1936),(587,'Untort','Sybol',2015),(599,'Arkin','Mosabur',1989),(32543,'Llotan','Erild',1965),(601,'Atoro','Dar\'saye',2011),(33880,'Nyas','Acklorlor',1991),(627,'Rilsul','Yesuri',1954),(18885,'Ia\'ser','Que\'riso',2003),(645,'Ightest','Diths',1992),(646,'Age\'mos','Eman',1929),(29222,'Banmos','Isny',1940),(29380,'Adr','Dran',1996),(662,'Liroya','Ton\'ang',1978),(28858,'Ghad','Nipytef',1972),(23176,'Dania','Denun',1995),(678,'Biylo','Torssam',1964),(687,'Mor\'ashi','Ontur',2013),(32215,'Ustnal','Cholerqua',1949),(19931,'Ato','Bleardskel',1941),(704,'Aldn','Ageisage',1967),(712,'Deirlor','Cheathu',1999),(32565,'Netos','Skeltherach',2013),(19436,'Aolde','At\'tino',1929),(17678,'Lyleci','Skelche',1967),(28971,'Oldar','Ryfytu',1990),(20107,'Nalunt','Queia',1920),(764,'Isiest','Shysay',1968),(767,'Inatin','Cadarban',1996),(25443,'Jaynkal','Tyghaor',1978),(794,'Irenthard','Cheser',1937),(31633,'Echkelris','Hiris',1993),(29422,'Estd','Door',1928),(828,'Sashon','Tinsaychahinroth',2008),(19341,'Oughcha','Gotydi',1948),(839,'Qua\'aldo','At\'ran',1922),(845,'Isslther','Chaf',1977),(849,'Islyer','Darsul',1967),(853,'Ran\'ton\'iek','Sigas',1994),(858,'Denawor','Toneris',1966),(859,'Radimend','Atdar',2010),(23878,'Saylor','Therdan',1938),(21267,'Beltia','Gaynque',2000),(29564,'Moliso','Kim\'asu',1976),(877,'Ceuqdyn','Banyld',2000),(29036,'Awrril','Elmyny',1969),(888,'Chrekim','Dinimet',1924),(907,'Sien','Beleaugh',2015),(29514,'Uskrbur','Nyvere',1983),(23352,'Lumida','Ettor',1950),(927,'Omimi','Tick',1966),(932,'Rhabas','Kimyer',2004),(23076,'Ineanbeltonkin','Daelser',1974),(19060,'Urnk','Rynthery',1981),(19434,'Buris','Kimr',1931),(23429,'Kalyer','Cin',1989),(983,'Sakab','Lerton',1980),(991,'Cloush','Chetser',2001),(17724,'Rynos','Etelme',1954),(998,'Kelem','Ildsay',1984),(1009,'Sivecy','Mycrod',1967),(1012,'Uecho','Engrodi',2014),(1034,'Umst','Eyere',1929),(23046,'Estenthin','Tia\'quee',1926),(1047,'Bel\'nye','Garnys',1972),(1049,'Kely','Turril',1963),(17115,'Enshy','Osisrad',1986),(1066,'Stotai','Sudis',1950),(27663,'Orage','Oughop',1935),(1076,'Queentho','Cirek',1954),(18768,'Enthpere','Chald',1996),(1088,'Enkin','Radum',2009),(21488,'Shetondyn','Yeraw',1924),(1098,'Ypoli','Yer\'ryn',1937),(18927,'Worestvesquea','Tyq',1945),(1112,'Oughdar','Ran\'elm',1974),(15070,'Sershy','Nodenald',1960),(28786,'Yabus','Taruv',2013),(1130,'Rhitaw','Saniri',2005),(28135,'Est\'rayo','Moryr',1981),(27336,'Lyead','Schoemser',1989),(31712,'Arelmy','Oughid',1993),(1161,'Emont','Ymosa',1972),(1163,'Etmoso','A\'omess',1936),(1170,'Bannwor','Sesero',1965),(20138,'Nyer','Toneet',1925),(1208,'Irall','Loezust',1930),(1211,'Aldleru','Teil',2012),(1224,'Ildah','Llylorash',1986),(30255,'Ata','Vorelman',1925),(1227,'Perqua','Tylen',2007),(30611,'Hupope','Kymor',1999),(24980,'Lyewora','Wikela',1927),(18880,'Isdar','Tidetu',2010),(32855,'Dohodo','Ar\'hat',1977),(1274,'Shygar','Ver\'say',1988),(1278,'Tiaend','Mostin',1931),(15052,'Ar\'umo','Sery',1980),(27346,'Lidido','Warurn',2002),(28705,'Ranan','Omem',1997),(29393,'Etll','Sot',1989),(19231,'Acktor','Quayer',1944),(1316,'Kelil','Vesnykal',1976),(16990,'Turbdra','Skel\'ril',1962),(1321,'Lliurnach','Samsay',2005),(1322,'Einei','Ildash',1935),(1328,'Rakq','Hat\'tono',1993),(22174,'Iskimo','Ler-lorshy',2001),(1335,'Adleru','Tasena',1922),(22222,'Echqueina','Ezeum',1965),(1338,'Asen','Eng\'say',1992),(1339,'Emight','Um\'ash',1980),(1340,'Uskes','Buros',1953),(1343,'Osll','Veskin',1987),(1344,'Narydu','Yano',1961),(18597,'Feel','Angvor',1932),(30463,'Itiny','Asos',1942),(33801,'Zadyl','Er\'hin',1975),(1366,'Ituem','Loroton',1971),(1368,'Nimos','Leras',2008),(21046,'Awembel','Morsul',1975),(21962,'Dynd','Karot',1992),(20814,'Naleri','Kiavton',1987),(1406,'Caundon','Yumu',1948),(31641,'Lanufa','Civisa',1983),(18937,'Dan\'skele','Abano',1989),(1444,'Remun','Raez',1938),(1447,'Echitusk','Vadeto',1923),(1456,'Tanina','Darize',1956),(1466,'Verorest','Kimeston',2009),(26283,'Lyeos','Itagetin',2004),(20113,'Turigha','Craut',1980),(1473,'Aony','Zagupi',1955),(21990,'Ath-nys','Bel-ones',2007),(1484,'Nysmos','Xurudo',1941),(30213,'Torz','Focer',1971),(32115,'Tanris','Sesmos',1933),(21861,'Kimlale','Sayrak',2001),(33646,'Ytasa','Raysay',1934),(1505,'Tanard','Nyskal',1955),(16579,'Rak\'ban','Ner',2006),(1522,'Kard','Lorum',1966),(18016,'Kelath','Nyteva',1969),(33863,'Enll','Ath\'rak',2009),(1541,'Achnalray','Doing',1970),(15276,'Estwaro','Rayld',1949),(15971,'Qu\'oldina','Yet',1956),(32774,'Athild','Rafyr',1920),(1559,'Cerdenelm','Engrak',1936),(19937,'Saypolem','Lorden',1993),(30252,'Hutin','Nyhin',1942),(27179,'Zihag','Qua\'bur',1923),(23239,'Agem','Aughashy',1921),(1569,'Ormeld','Snochausk',1969),(22879,'Aldet','Rothuril',1923),(15816,'Siund','Quiathser',1969),(1573,'Yeraim','Rothormack',1947),(1585,'Kelyt','Engkelom',2014),(26476,'Wulyelor','Angp',1924),(1617,'Poum','Alezser',1944),(1631,'Aleloriss','Emissril',1924),(33023,'Enny','Enthougho',1989),(29834,'Serwar','Sitherver',1960),(30555,'Tasold','Aldrodcer',2011),(1650,'Aldkelpol','Therkal',2006),(27619,'Tasykal','Oshyu',1993),(32240,'On\'elde','Lleychend',1996),(1657,'Elmmoseld','Orisi',1994),(33388,'Skeloque','Juruhy',1933),(18136,'Imori','Lerkelo',1939),(1675,'Emiech','Enguf',1997),(22471,'Entor','Undgh',1990),(30096,'Ruirrash','Nyseess',2002),(25354,'Sehib','Issen',2006),(1712,'Angtin','Rayves',2001),(1716,'Honeng','Stoudwar',1985),(29477,'End\'bani','Irrail',1938),(32975,'Rakkin','Rodth',2009),(17368,'Aror','Endach',1996),(33080,'Gar\'eld','Aughyer',1925),(1754,'Elmyan','Is\'ang',1993),(1757,'Turban','Denoph',2015),(30161,'Otani','Osuntit',1931),(1781,'Tanotur','Tasyf',1995),(18172,'Lorsray','Reton',1932),(20204,'Awar','Hartia',1992),(1794,'Mizun','Cenab',1924),(28923,'Voris','Hinom',1930),(1798,'Uaughu','Shyishy',1974),(31324,'Toul','Itswor',1966),(1823,'Omenn','Tastheru',1921),(15048,'Cherakwor','Tiarod',1982),(22849,'Inadeltan','Radquadynunta',1933),(1846,'Ormnalough','Vereend',1944),(33941,'Yiundiss','Thrissris',1957),(33637,'Seundild','Bloum',1924),(1865,'Perpol','Denris',1989),(22920,'Yersdar','Sarip',1931),(20623,'Ikaly','Elmold',1955),(28385,'Irhonust','Iakard',1929),(1878,'Kimbel','Worut',1992),(1879,'Tonradryn','Einei',1990),(1884,'Edany','Suworen',1986),(1885,'Quefther','Oldskelum',1935),(18829,'Rothyer','Untem',1948),(1902,'Rirybi','Emton',1956),(31130,'Cheinaight','Ardklor',1995),(32310,'Ver','Umy',1952),(1922,'Ough\'ormo','Athtas',1959),(28507,'Ospol','Vesonys',1951),(33531,'Que\'ust','Oldrad',1993),(24152,'Elyeo','Ightsay',1977),(33632,'Risan','Rakper',2004),(1956,'Quakalskel','Iair',2005),(15767,'Honsnys','Crakndar',1944),(1970,'Ia\'dara','Umtin',1927),(32250,'Dryas','Dyn\'an',1994),(1987,'Nygha','Hoalevor',1949),(21223,'Pesh','Ryntor',1930),(2002,'Buholy','Rezehi',1965),(23065,'Lodel','Wordel',2013),(2017,'Cluem','Dynathend',2007),(16199,'Seaw','Endlkim',1976),(24245,'Ightris','Undis',1945),(31299,'Hinen','Domoby',1935),(22080,'Ath\'aw','Kalan',1920),(2056,'Garad','Emrothad',1942),(33313,'Lis','Rifoda',1952),(28967,'Jacer','En-tin',2011),(28660,'Sesh','Goertor',1976),(33413,'Crage','Queeg',2007),(18792,'Moryest','Aworad',1957),(27929,'Losusepo','Tapun',1991),(18636,'Tai\'dyn','Shyiler',1998),(2126,'Lorban','Clayrt',1942),(26227,'Cheeon','Essem',1963),(28590,'Yerche','Brort',2013),(19193,'Turkel','Ukale',1930),(27419,'Laold','Queeng',1938),(2148,'Oechi','Denld',2010),(29454,'Hezero','Oveso',1922),(2157,'Echxang','Weig',1927),(2162,'Cered','Emyw',1925),(2167,'Hons','Bregar',1980),(20706,'End\'um','Urneld',1941),(23319,'Kolyevor','Rothsest',1970),(2179,'Yerust','Ithat',1961),(23776,'Nystin','Ton\'bano',1983),(2194,'Umad','Uskxtin',1966),(2205,'Perendack','Purod',1970),(21968,'Tinyage','Rosaeph',1956),(25648,'Wait','Dratur',1957),(2213,'Serrlor','Leesdyn',1924),(29317,'Rodbur','Wesybo',1981),(27879,'Turnyse','Aughengtin',1965),(2221,'Torapy','Ingiss',1978),(2228,'Niskelwar','Untest',1929),(20955,'Zunal','Ithere',2009),(32337,'Den\'an','Atum',1923),(27692,'Buriaustuntu','Delhon',2004),(2280,'Cha\'nysu','Banyer',1961),(2289,'Onyd','Aths',1957),(2301,'Cheem','Tyfis',2009),(17663,'Ough\'ata','Engbel',2000),(18525,'It-vor','Cha\'rod',1921),(29359,'Ser\'em','Burv',2007),(33134,'Adden','Lerashon',1930),(33446,'Felorkim','Ydis',1930),(24905,'Aughdel','Kimiton',1978),(2355,'Eardy','Tees',1954),(29100,'Oughtonirissam','Pydus',1936),(30626,'Zapone','Riurn',1998),(2379,'Zalapa','Hinorm',1966),(26132,'Gha\'che','Yem',1958),(2386,'An\'ir','Oskel',1974),(2398,'Emf','Aren',1972),(2408,'Dybal','Oson',1968),(15045,'Taios','Arbel',1974),(2424,'Arogha','Eache',1995),(2428,'Ang\'unt','Cheyfser',1971),(20640,'Inaenth','Yer\'dyne',1947),(29814,'Eldine','Migarche',1960),(28365,'Celyb','Rodlyebur',1988),(30866,'Charyn','L\'essack',1997),(33459,'Brehinech','Usterenth',1945),(2472,'Usksay','Engos',1977),(2474,'Oughrothon','Ess\'en',1980),(15247,'Swaran','Asykal',2000),(2497,'Asingi','Rytas',2014),(22400,'Lastgar','Yrili',1979),(2513,'Kinas','Adina',1938),(17645,'Ceret','Lyedum',1993),(2517,'Slyturver','Zhyormskel',2009),(32433,'Undemo','Schir',1969),(25744,'Im\'usk','Er\'tano',1959),(33631,'Dochkom','Yern',1932),(2548,'Ingloru','Ustach',1926),(30930,'Athchekin','Om\'skeli',2014),(2553,'Taech','Turird',1923),(25762,'Verslye','Cerald',1942),(18577,'Achnys','Rodaugh',1968),(20504,'Rodcha','Quem',1967),(20641,'Chadar','Nalrako',2005),(2575,'Zhayt','Queade',2002),(2581,'Ohino','Ettor',1984),(24153,'Thoril','Yerar',2004),(16326,'Sulenlor','Verrynraykal',1923),(22737,'Irdar','Atmor',1986),(2622,'Dyray','Ther\'enth',1925),(21568,'Lorine','Dodarest',1958),(2628,'Ylal','Stread',1936),(24001,'Rilash','Vorob',1978),(30562,'Urnny','Risara',1931),(2648,'Bykase','Vestonmor',2001),(2654,'Ormynd','E\'chaorm',1968),(2658,'Yerray','Raythere',1929),(33301,'Usteem','Turyild',1946),(32967,'Lanryn','Ban\'ilda',1940),(2670,'Acktor','Emath',1980),(2672,'Roral','Ghadra',1980),(30668,'Pol\'tin','Ing\'hat',1964),(2677,'Err','Lor\'say',1958),(18218,'Vor\'ceri','Ashenanverlor',1993),(23011,'Tas\'adu','Emquadyn',1987),(31094,'As\'tin','Quenale',1941),(27652,'Osagee','Phoewny',1948),(2727,'Quaough','Tormlye',1957),(29322,'Hosal','Lasoba',1961),(2732,'Quaimu','Smaill',1969),(2735,'Shys','Gharothskel',1962),(16496,'Omant','Worum',1949),(21120,'Isstur','A\'issnys',1993),(2749,'Ormdan','Chyth',1965),(21884,'Yenysden','Chatoright',2005),(19257,'Ves\'emo','Arkin',1928),(2753,'Tiatai','Crurdlor',1931),(2758,'Dan\'om','Istash',1983),(24717,'Umosa','Risegh-ban',1992),(2761,'Alduntban','Warryn',1931),(16924,'Rayeng','Mossdra',1993),(2765,'Nyban','Dynlero',1950),(30557,'Achshy','Rynund',1932),(31387,'Kinom','Sliend',1948),(31473,'Dratdyn','Strooph',1984),(2776,'Kelryn','Awhat-war',1940),(28113,'Rozot','Banran',2015),(2789,'Ad\'et','Permor',1951),(15801,'Aso','Morase',1967),(17796,'Zixow','Leas',1972),(2809,'Ardustundthery','Skelaw',1921),(2813,'Nys\'os','Sikalmos',1978),(31638,'Worper','Zhandsay',2002),(15306,'Undale','Ustgha',1970),(20289,'Ban\'ar','Rodryn',2007),(2835,'Ashbur','Eldyine',1992),(2838,'Essom','Lyeshy',2014),(20150,'Ineia','Usttur',1934),(20013,'Engroth','Laloka',1991),(20267,'Hat\'eche','Tan\'denu',1924),(15753,'Radtia','Ervor',1920),(17282,'Cerdyn','Giturest',1943),(28508,'Chew','Belril',1926),(2880,'Udeni','Tasach',2009),(15222,'Tonnyso','Tanldan',1938),(18894,'Cisroth','Hagyr',1997),(16636,'Burardche','Peekyer',1953),(30793,'Nalden','Quohon',1992),(32272,'Dis','Tiser',1989),(18070,'Oughoche','Enuk-skel',1960),(20305,'Onhat','Ought',1929),(2917,'Onekin','Ash\'ene',1926),(2921,'Que\'rilu','Ranardem',2012),(15958,'Rynonril','Heackgha',1966),(2946,'Sesyko','Ingach',1958),(29218,'Saykelcha','Adryn',1922),(2957,'Duhonyer','Rodap',2009),(19656,'Xohap','Osmor',1990),(17411,'Mosskel','Nalet',1934),(2974,'Nysser','Chythrttai',1959),(2979,'Rod\'enthy','Honche',2000),(2990,'Iaem','Sutem',1989),(31078,'Thoeng','Tashin',1921),(3016,'Dyn\'ryn','End\'ver',1987),(18631,'Tonsulhon','Eia',1943),(3030,'Quebel','Mormor',1952),(3032,'Echchawar','Dapepo',1946),(3036,'Quageald','Ildtur',1948),(21335,'Rayoigh\'y','Nysend',1929),(3044,'Rodosther','Itor',1956),(19286,'Mauwold','Yerelmi',1989),(17945,'Kimeld','Ranmor',2011),(3057,'Nedule','Esero',1990),(26416,'Sammore','Ranold',1952),(3070,'Raner','Osuly',1986),(30580,'Ustor','Osh',2000),(3076,'Owaru','Quaisild',2004),(3079,'Kinys','Eldas',2009),(33903,'Ustim','Barun',1988),(21996,'Darsan','Turser',2015),(3089,'Dekic','Muhano',2015),(15666,'Ityild','Queoray',1936),(3097,'Irper','Aughol',1947),(31080,'Vereld','Rod\'drai',1981),(21196,'Wortas','Samisu',2010),(3105,'Ris\'ashi','Rotici',1998),(19947,'Blon','Kel\'it',1961),(3132,'Engeyn\'r','Yeris',1928),(29083,'Echusk','Yer\'rod',1967),(3137,'Bourild','Et\'rak',1928),(31758,'Leroche','Elming',2000),(25237,'Claenest','Essrtas',2007),(3154,'Dynusk','Tainao',1964),(26968,'Mosuskunt','Emworunt',1997),(23054,'Omaenth','Dikes',2003),(18610,'Nauckkim','Ilden',1936),(3178,'Clotordra','Ranaw',1956),(3181,'Radet','Osunt',1922),(17984,'Estiz','Nagosu',1937),(29900,'Therotin','Leum',1998),(3192,'Bel\'ban','Kydimi',2010),(19708,'Essranther','Yeylen',1994),(3202,'Sulald','Sernysy',1924),(15263,'Stroos','Schichkal',1970),(3217,'Nofesa','Deluc',1975),(3220,'Raynd','Rakard-as',1954),(28313,'Achee','Queand',1973),(24253,'Loretny','Boz',1937),(16252,'Sayer','Tas\'orme',1932),(32286,'Umild','Kimvat',1936),(3247,'Ledase','Dahoje',2008),(19803,'Loraw','Leis',1928),(22030,'Ustwor','Nijuy',1973),(30113,'Im\'arde','Porosy',1956),(3266,'Sekelend','Irsam',2009),(33102,'Nys\'enth','O\'raypol',1948),(28510,'Taiath','Nytan',1932),(3302,'Lor\'en','Undpper',1943),(3311,'Draine','Onrskel',1933),(23867,'Eneelm','Leyshim',1987),(3339,'Nyough','Que\'est',1997),(3340,'Ranoughon','Cheul',1941),(3354,'Ysixyd','Eldden',1992),(25682,'Radesam','Zeyik',1994),(27718,'Radony','Ebane',1956),(28901,'Isper','Vertor',1940),(3368,'Achormi','Mabulok',1949),(33813,'Ath\'enth','Dacur',1951),(3382,'Asuly','Shaengler',1949),(18726,'Cha\'essu','Dosaco',2010),(3390,'Garchadan','Serelmi',1998),(3392,'Oentha','Rynyhon',1968),(3400,'Vertai','Sloinaund',1931),(33406,'Samvor','Estem',1973),(3406,'Chresh','Orosnalkin',1952),(3412,'Liec','Zhirine',1986),(31737,'Ardd','Uskll',1934),(16090,'Chahkel','Tiaekel',1980),(3449,'Ranysam','Undustaugh',1967),(30067,'Endiros','Oacki',1951),(3459,'Dynys','Rasryn',1984),(3461,'Darsos','Endor',1935),(26047,'Reiltcer','Sol',1948),(32617,'Lyeenge','Leildray',1974),(3504,'Uskdel','Onath',1963),(3510,'Ack\'nys','Phualetan',1982),(3520,'Archa','Dra\'en',2008),(32017,'Kimll','Lor\'alee',1928),(25068,'Versar','Ath',2006),(28454,'Delar','Legdel',2002),(3570,'Umnys','Umelmeng',1959),(23787,'Rakine','Eldutia',1994),(17549,'Rurisum','Dar\'omi',1926),(3599,'Elmranit','Irack',1960),(3602,'Quaiw','Dyn\'ougha',1948),(24777,'Riling','Arran',1986),(3622,'Envsam','Umetwar',1955),(3631,'Achsam','Clian',2011),(15662,'Thrage','Keric',1953),(29499,'Enthcha','Chagurn',1986),(26592,'Ildique','Erler',1982),(23370,'Warem','Ray\'ray',1998),(25764,'Brodrd','Impolwar',2005),(22684,'Lidel','Adath',1941),(33995,'Tinskel','Adler',1996),(31004,'Chrich','Topar',1995),(22760,'Verouk\'o','Garough',1974),(27490,'Smyaldage','Daris',1965),(16960,'Worosia','Stoasdan',1963),(25988,'Riant','Hinendurndrau',1999),(24865,'Ver\'um','Orturon',1935),(3728,'Hon\'ore','Turthersay',1937),(15848,'Bywev','Kalrwor',1920),(27744,'Cing','Wor-ingos',1959),(3749,'Ormkino','Usk\'mose',1977),(28370,'Bixire','Senoom',1998),(3753,'Kimess','Morkdar',1944),(21752,'Serilda','Isough',1999),(28633,'Queat','Simira',1961),(3765,'Jital','Turskelo',1930),(19969,'Ekemy','Riskden',1962),(3778,'Engtai','Ineoth',2012),(3780,'Ia\'rade','Vorik',1994),(26778,'Aldroth','Ahony',1923),(19124,'Den\'mora','Soos',1986),(3791,'Easi','Estpald',1930),(22298,'Iata','Quache',1943),(3806,'Chequaech','Esstin',2001),(19468,'Oldn','Tas\'unt',1967),(21368,'Taijenth','Asechaugh',1990),(31231,'Lyenysmor','Ormkal',1969),(3824,'Angtinir','Ziangray',1963),(3831,'Lyen','Isuly',1941),(21916,'Tonkash','Omad',2003),(3840,'Eldasha','Sultan',1941),(27217,'Rilther','Radeq',1988),(3845,'Femosqua','Irser',1966),(30156,'Lay','Ustden',1928),(23322,'Eldeng','Sohat',1931),(3858,'Kasul','Radoen',1962),(3861,'Ournu','Elmendem',1986),(25209,'Dart','Yerny',2014),(17028,'Elmeen','Anye',1982),(16965,'Addary','Checha',1928),(16410,'Ought','Ounde',1971),(3878,'Thuic','Beurn',1940),(23388,'Voulther','Ilero',1938),(3891,'Eldough','Okini',2012),(21535,'Soaldeng','Umwor',1938),(3921,'Aldenu','Cheud',1976),(18874,'Inaw','Urnatha',1939),(26532,'Runwunt','Urnyq',1950),(23351,'Ebano','Ranid',1970),(25719,'Cha\'is\'if','Lerhon',1980),(22039,'Old\'nal','Disexi',1958),(3961,'Therathu','Bankal',1984),(24581,'Untale','Islor',1936),(3978,'Sam\'ban\'uill','Turver',1996),(3986,'Urncer','Tikyta',1943),(29144,'Urniary','Den\'suly',2001),(27992,'Riljat','Morquau',1983),(4000,'Toreho','Hat\'est',1951),(23552,'Nyskin','Lliton',1952),(20255,'Angad','Oughidyn',1976),(4016,'Quachao','Estash',1958),(4033,'Warat','Dra-estyr',1973),(4034,'Lertur','Lortherche',1954),(4038,'Im\'unt','Emser',2001),(4040,'Oughald','Vuifat',1987),(4042,'Aelmi','Ny\'kim',1922),(24841,'Omgha','Lidel',1950),(4051,'Ustrad','Buliny',1945),(4059,'Tingha','Liy',1976),(4069,'Aduntdan','Tonser',1990),(4075,'Mosath','Trootar',1987),(17711,'Ormon','Draough',1957),(4078,'Estyroth','Chroush',1967),(4084,'Ustlcha','Acki',1986),(20829,'Aldhon','Iay',1958),(33634,'Lyeis','Athahat',1981),(21685,'Horonu','Oldorm',2013),(17586,'Arom','Acknyskin',1995),(23978,'Iatho','Kelet',1931),(4115,'Eld\'uski','Seah',1948),(4121,'Ang-ser','Deis',1992),(18847,'Troiy','Ildusk',1982),(20811,'Doensul','Cosawe',1960),(16183,'Etmor','Acho',1979),(16608,'Chemkim','Kim\'quee',2002),(28185,'Isa','Nauldves',1946),(21029,'Cikel','Ihauw',1924),(27746,'Achech','Turtas',1980),(18999,'Rayoine','Rodsulina',1985),(15540,'Essaugh','Creom',1922),(15489,'Mocer','Turvor',1923),(26030,'Estart\'y','Chaoech\'k',1982),(24617,'Darosam','Bykere',1983),(4226,'Javoj','Seruto',1960),(16936,'Belissa','Ymose',1934),(16890,'Vorpera','Fiphdyn',2004),(16325,'Moruso','Um\'on',1921),(15231,'Che\'tone','Dra\'nyse',1971),(31255,'Thonttia','Nalight',2014),(22009,'Oldser','Urnum',2008),(4274,'Worey','Smair',2015),(31784,'Taine','Barack',1982),(4290,'Cha\'wori','Erk',1945),(32350,'Chregarril','Skelkim',1956),(15329,'Inahin','Inashy',1949),(32194,'Niceha','Inale',1983),(20472,'Ight\'ryn','Dronn',1989),(21366,'Moryther','Endyd',1939),(4361,'Schaendhon','Hanesi',2015),(4366,'Umald','Ficen',1926),(4377,'Aurno','Uinae',1960),(4379,'Kelhon','Sien',1965),(30751,'Jeymsam','Samia',1987),(4386,'Ernray','Orm\'que',1993),(26815,'Fyranche','Atai',1979),(21097,'Urnden','Liel',1973),(4395,'Oskem','Nysan',1954),(16710,'Hat\'wari','Eyery',1940),(4407,'Nash','Rexusy',1946),(31470,'Wedeik','Seroough',2010),(4413,'Noeltris','Radril',1989),(18763,'Honperas','Ightl',1945),(15983,'Llep','Tanqua',1963),(4455,'Rayk','Lyeetan',1929),(30741,'Hatcer','Awingack',1949),(4457,'Untdellye','Kelage',1959),(23238,'Sosygu','Athia',1943),(18554,'Marif','Elmden',1981),(27377,'Denkin','Mimykike',1940),(20041,'Nyslt','Delage',1971),(4495,'Cer\'tur','Athemo',2002),(4504,'Seskelves','Kallnal',1957),(4505,'Perawryn','Irser',1981),(4509,'Et\'untu','Oninaray',1972),(4517,'Nihatwor','Dynt',1934),(31239,'Hatkim','Phadynril',1966),(29924,'Iring','Utori',1951),(25694,'Kout','Straes',2009),(21350,'Yerrod','Sams',1994),(18302,'Hitini','Emodra',1949),(4554,'Rayurnqua','Ustendkin',1990),(22983,'Vesait','Estokal',2009),(27150,'Ver\'lyee','Angxqua',1929),(4576,'Hatdser','Iakale',1973),(32227,'Endoldy','Buroza',1993),(4594,'Hatund','Ossaw',1976),(4596,'Ildather','Sul\'eny',1983),(22394,'Yundi','Xilexi',2014),(4620,'Danawy','Turecho',1999),(4634,'Kimingtan','Burdel',1948),(23234,'Aw\'ane','Vor\'veso',1960),(22529,'Esteurn','Ashon',2014),(4660,'Kimnn','Aldyine',1961),(24495,'Swaos','Denakim',1976),(17610,'Vervor','Serkny',2013),(21314,'Dyneina','Untien',1941),(26182,'Rayind','Ach\'moru',2014),(4706,'Cakud','Eissu',1978),(4727,'Piemale','Oengi',1947),(27564,'Ghamoso','Dikel',1951),(4739,'Ath\'kim','Nalskel',1940),(17756,'Radaz-per','Weur',2014),(4745,'Ronalnys','Arorunt',1952),(29055,'Kodanden','Or\'kela',1996),(26146,'Yuduwe','Kel',2015),(4765,'Kuldir','Turdani',1961),(4785,'Dotorris','Ertdyn',1972),(4790,'Lereya','Lodoro',1946),(27231,'Sess','Hasara',1979),(30450,'Oraser','Gha\'ny',1972),(16987,'Teenque','Bog',1968),(4820,'Shys','Ryndan',2007),(20847,'Nyard','Honjet',1938),(16451,'Chyburbur','Kelkel',2002),(4851,'Omar','Polon',2010),(30891,'Kin\'vero','Ildther',1988),(15832,'Chaeng','Naold',1941),(24680,'Cerypol','Nal\'sami',2010),(18501,'Steirr','Echgmor',2001),(17186,'Rilld','Lorestenth',1976),(4883,'Garbel','Soyuw',1977),(4885,'Rayaz','Undv',1995),(21720,'Angrad','Yelmu',2013),(4895,'Eldvoro','Enich',1960),(4900,'Pereme','Estirad',1992),(4901,'Omhino','Tinrak',2003),(15082,'Untot','Hatwar',1923),(21240,'Slymor','Worer',2004),(4930,'Orm\'per','Ruilwar',1997),(27279,'Reiy','Aris',1963),(28234,'Ennysurn','Maetser',1953),(4942,'Or\'ny','Ough\'ves',1977),(4945,'Eghao','Suld',1992),(27125,'Angess','Tinycha',1970),(25268,'Perpol','Os\'tin',1953),(4987,'Lyebelu','Engtiss',2005),(4997,'Ghaild','Whikinryn',1978),(23321,'Dra\'dra','Ald\'ser',1986),(5009,'Tount','Dyngha',1968),(5022,'Moonmor','Tibih',1976),(5025,'Rilst','Aughrannal',2011),(32320,'Echina','Rumosban',1988),(5034,'Rilven','Rakas',1938),(5047,'Vais','Sayab',1937),(5062,'Echturper','Hedale',1971),(31516,'Loriasam','Orshy',1928),(18949,'Haten','Echest',1946),(23649,'Taris','Enthver',1951),(5095,'Rhuf','Arun',1929),(20118,'Ran\'as','Uskqueack',2002),(5110,'Tinn','Radb',1984),(5115,'Rodncha','Theros',1952),(5119,'Emaryn','Egare',1952),(16973,'Darnn','Oldam',2010),(18019,'Bloindan','Wor\'rod\'uiy',1992),(19786,'Irther','Polsulo',1950),(5140,'Deis','Lexuh',1961),(18806,'Isit','Jibur',1957),(21681,'Suless','Baguk',1925),(15077,'Rodd','Tasmgha',1967),(5165,'Worbur','Erem',1972),(26603,'Omwarnal','Oughough',1983),(18266,'Johyc','War\'wari',1959),(5187,'Uskdely','Ingshyine',2004),(18939,'Cath','Teygh',1968),(18538,'Nalrod','Ightvesy',1945),(18403,'Inathershy','Nozis',1955),(22526,'Moves','Yaur',1996),(5211,'Achss','Silesu',2008),(24142,'Ityine','Thronalage',1998),(31600,'Wor\'ar','Vornal',1997),(5223,'Ycwori','As\'esty',1995),(5224,'Worqueurn','Vor\'ing',1980),(5230,'Adit','Sulormkin',1983),(5235,'Thraing','Melunt',1953),(17102,'Eldasy','Turelm',1994),(16598,'Aldys','Rilend',1953),(5260,'Arnydyn','Radub',1928),(30515,'Onder','Quesul',1979),(30814,'Ran\'ris','Er\'ves',1998),(5269,'Andra','Syrafa',1984),(5270,'Sultanan','Athnsul',2015),(5280,'Nomyba','Umight',1972),(5293,'Inard','Ad\'hatu',1984),(23662,'Herak','Ingesse',1926),(5309,'Tiaoldeld','Nysd',1997),(33955,'Kellore','Undon',1928),(25697,'Inash','Kal\'hinu',2008),(5325,'Thereenth','Athtai',1944),(5330,'Hontingar','Sertinlor',1991),(5335,'Oldth','Del-que',1956),(5344,'Ildight','Eld\'urn',1940),(32099,'Ran\'pero','Argend',1965),(5355,'Adirr','Echunteld',1951),(5373,'Erine','Mosc',1992),(18526,'Eress','Lialdwor',1939),(5384,'Hon\'unte','Burit',1960),(29992,'Rhyer','Tuxic',2014),(5391,'Kinchesam','Nirris',1951),(29858,'Resam','Denathi',1938),(5400,'Kaldane','Yahyca',1995),(32512,'Worok','Strusktan',1942),(33712,'Ryn\'kini','Lordgar',1964),(20599,'Eldther','Strychldit',1940),(28887,'Nien','Ruvusk-unt',1925),(5440,'Aldom','Imhin',1975),(25024,'Kaid','Cidler',1993),(19858,'Oldangi','Hifild',1971),(20164,'Siskelem','Eveso',1952),(19334,'Chage','Dyenth',1984),(5477,'Oraka','Satur',1937),(30640,'Usktiau','Elmall',1968),(26712,'Enginn','Shyok',1938),(5491,'Usttcer','Nal\'ir',1927),(19015,'Honther','Theruran',1969),(5501,'Eright','Issban',1946),(5507,'Nerod','Umom',1933),(28834,'Adsay','Er\'tore',1946),(5533,'Schidaris','Denacky',1940),(28478,'Sulrd','Aughrak',1955),(32983,'Roth\'urni','Phoul',1963),(22138,'Raend','Noest',1920),(5595,'Atiao','Lerret',1938),(17005,'Rilroth','Leiten',1993),(5597,'Threird','Radper',2012),(5612,'Sayther','Unte',1995),(5613,'Geryh','Om\'acke',2000),(31943,'Echack','Starrad',1924),(5631,'Arund','Tur\'gha',1989),(5637,'Dykin','Trorakurn',1920),(15621,'Estquaestango','Worum',1928),(5648,'Therit','Say\'rod',2012),(5652,'Ther\'eld','Shaill',1991),(22456,'Lyeosh','Snoia',1961),(31976,'Esser','Radyck',1984),(27776,'Chercer','Ineghau',1996),(29256,'Zabtor','Nyem',1973),(30940,'Ban\'ard','Uskaver',1927),(5668,'Perlor','Tonk',1927),(32306,'Aston','Umenthelm',2006),(5678,'Dique','Rismoro',1958),(26407,'Sampol','Taiworpol',1952),(5710,'Vesshy','Risdyn',1929),(23895,'Os\'mor','Quaqueum',1952),(5718,'Onk','Ogara',1921),(16815,'Tiath','Dardra',1949),(5737,'Nudar','Und\'tone',1946),(16560,'Worshyshy','Sosam',2001),(24093,'Lyeot','Mayp',1941),(5757,'Acheng','Kinimi',1997),(5761,'Awhsul','Sticken',1920),(5762,'Tais','Chall',1938),(5763,'Sweyck','Nyis',1948),(5765,'Niben','Skel\'mos',1992),(21175,'Kavesild','Enald',1954),(5771,'Skelhinorm','Nyough',2008),(5777,'Nalden','Ny\'emy',1963),(5781,'Verawu','Barisold',2003),(20904,'Askim','Radl',1999),(22778,'Strointher','Tinturo',2004),(28745,'Samage','Smynn',1991),(5811,'Oera','Worangina',1939),(21781,'Ivora','Emblor',1957),(5822,'Ine\'augh','Beltur',1995),(18098,'Tosul','Rilm',1974),(5853,'Urngar','Aughado',1995),(18777,'Or\'aw','Kim\'ghae',1985),(16638,'Oughardom','Kimos',1995),(27433,'Claom','Eaughi',2008),(16785,'Lorusk','Yies',1937),(32674,'Xyhyx','Honaim',1996),(5873,'Verser','Slyrd',1997),(15092,'Lloler','Alemor',1982),(31384,'Cer\'kela','Rakine',1928),(5880,'Crarak','Unt\'ar',1979),(5883,'Himorad','Bomule',1942),(17413,'Ess\'ougho','Laluk',1935),(18562,'Endchatai','Torir',1979),(16352,'Agetora','Yunur',1923),(22149,'Rowij','Quath',1948),(22619,'Yer\'skel','Tan\'ale',1989),(22093,'Estrak','Athoss',1970),(5936,'Lerdrayer','Loelar',1997),(33072,'Bilaso','Aughed',1999),(5957,'Ess\'cha','Worundorm',1956),(27601,'Keussess','Garild',1951),(33424,'Leld','Osor',1955),(5989,'Straethper','Delgkin',1983),(28398,'Saykin','Honirr',2014),(16961,'Or\'ver','Daraw',1988),(18260,'Vuzix','Niek',2007),(29789,'Kellt','Oughais',1989),(6014,'Tind','Samest',1944),(33387,'Awora','Kinkel',1991),(6035,'Babydu','Suldel',2000),(23098,'Keldyno','Uskvesbelang',2001),(17236,'Naqua','Ightage',1961),(32649,'Neinemor','Emara',2000),(6061,'Ceurr','Shayd',1947),(6071,'Ciqkin','A\'honald',1935),(30105,'Cleet','Xedycy',1947),(33774,'Darlkim','Quedelgha',1956),(31083,'Apero','Enirnal',1948),(6101,'Chadgar','Coedroth',1988),(33267,'Nys\'emy','Urnet',1940),(32511,'Hewar','Tanad',1936),(17721,'Rodrt','Whonld',1978),(31522,'Denine','Ylal',1981),(6176,'Ghardan','Cl\'ineaugh',1969),(29073,'Isskel','Eeta',1970),(6185,'Kalach','Ardusk',1963),(6197,'Em\'ray','Usk\'cera',1979),(22554,'Therom','Rodler',1932),(26544,'Ald\'kim','Emodar',1994),(20730,'Crehat','Ompden',1987),(31373,'Cend','Yerche',2001),(25970,'Ar\'agei','Nemofu',1990),(24088,'Thryunt','Yiney',1969),(30784,'Ciceri','Oomi',1949),(17540,'Drayer','Engkmor',1937),(6249,'Pytav','Estos',1964),(6250,'Kytan','Endald',1989),(23671,'Gha\'theri','Ghatai',1926),(15542,'Samonran','Nalaughard',1995),(29542,'Sereri','Swesay',1995),(15520,'Asen','Nalil',1970),(6266,'Yeriy','Ashnn',1952),(6273,'Arurn','Essoldy',1940),(30421,'Ighthund','Elding',1951),(6280,'Sauzir','Ardiss',1965),(30948,'Perun','Muleb',1975),(18557,'Dokaw','Voruath',1990),(6294,'Gejeca','Saykim',2002),(6301,'Erighty','Ightuskser',1980),(6308,'Jukir','Burbelan',1990),(6318,'Iskal','En\'inee',1982),(30987,'Mudan','Kalale',1991),(17576,'Ytasu','Yoser',1997),(22446,'Ackowor','Oughir',1957),(26139,'Shielad','Dris',1939),(6360,'Inesul','Ageoris',1985),(22235,'Saytas','Rynyb',2010),(25246,'Garjurn','Arwor',1998),(17601,'Gaukwar','Onash',1925),(6377,'Bamther','Del\'usta',2012),(6387,'Ny\'uste','Wheayold',1949),(6388,'Argh','Hedot',1928),(30392,'Atshyet','Emyhat',1983),(20537,'Ingdran','Dralyey',1979),(18914,'Tecerim','Rothwar',2006),(6420,'Tin\'dra','Toashach',1959),(6423,'Wormos','Mosum',1962),(30896,'Ardunt','Keltai',1975),(6469,'Thaund','Cryis',2007),(6476,'Blaperard','Yafori',1928),(22182,'Shy\'ath','Ightusk',1934),(6489,'Erelm','Kinw',1969),(31448,'Denawem','Ing\'ess',1971),(6498,'Risiss','Asbel',1928),(6502,'Atald','Yoomwar',1990),(19296,'Age\'quei','Rothmor',1970),(19664,'Saughyer','Garmor',1920),(6516,'Ydana','Eturn',1968),(6525,'Chriperit','Usk\'nal',1968),(22041,'Fapyb','Sesod',1921),(26705,'Emegh','Serril',1988),(15911,'Xesyt','Undass',1944),(25489,'Deljas','Leren',1991),(31575,'Auma','Ardmos',1932),(23375,'Aleaia','Quat',1950),(24761,'Hinv','Dra\'dan',1975),(6567,'Server','Atia',1948),(6577,'Uhino','Verhon',1956),(6582,'Emkel','Eldhor',1943),(21401,'Kuemale','Oughom',1984),(6588,'Isash','Belet',1927),(6592,'Polmor','Kozybo',1932),(6593,'Eldryn','Guend',1958),(33271,'Chysayper','Garik',1966),(28445,'Ang\'ighty','Serlim',1936),(6602,'Therghabur','Ceedhon',2011),(16762,'Tomej','Ashiss-em',1945),(23454,'Banon','Hatloro',1928),(17104,'Ethat','Uskctas',1924),(6660,'Certin','Ataia',1928),(6666,'Tiair','Achvia',1941),(27551,'Kelrak','Bur\'per',2015),(6673,'Kalight','Mosad',1930),(18226,'Emoaugh','Sulia',1960),(6683,'Neun','Irrynum',1978),(32535,'Uia','Enelmy',1984),(6700,'Oughrer','Perald',1929),(6702,'Etuk','Worel',1929),(30480,'Gha\'om','Athsereng',1968),(6714,'Deloryn','Nim',1961),(6722,'Arshy','Elaihe',1942),(6725,'Engel','Eldranu',1937),(6731,'Adnys','Hatsay',1926),(32192,'Lacyk','Daris',2004),(6741,'Asqua','Taioton',2004),(29833,'Morryn','Ementh',1946),(6766,'Paiphkal','Ris\'ose',2015),(6789,'Yerftor','Ranran',1929),(28395,'Ryn\'ir','Ar\'gha',1977),(22877,'Ceron','Nalmor',2010),(6817,'Cilab','An\'ad',2001),(6818,'Sosamshy','Snell',2003),(21440,'Tureld','Iarannal',1976),(6836,'Asack','Itina',1969),(29524,'Adwar','Amuil',1982),(26204,'Aleaugh','Lyeeng',1942),(6863,'Oughunt','Elm\'en',1942),(22403,'Aleil','Vesgha',1963),(6883,'Skelg','Ardser',1928),(6888,'Ightwor','Nalrodeld',2005),(23019,'Snoan','Jaiw',1986),(23161,'Ryngha','Keskelunt',1988),(27868,'Korr','Umoser',1974),(15647,'Oldaw','Skelsem',2005),(6927,'Ler\'em','Dentinver',1921),(6928,'Wordelis','Atrakwor',1923),(28864,'Seennlye','Yerunt',2008),(17425,'Smuist','Lerar',2010),(23106,'Elmosay','Kydar',1946),(20404,'Worranu','Tinhin',2003),(26839,'Ang\'ormi','Cheur',1933),(6982,'Risbansam','Schinat',1979),(6994,'Kinemu','Rojaso',1937),(6999,'Dahatgha','Sojase',1977),(7000,'Cedraw','Llainom',1941),(7019,'Ildath','Honar',2002),(7023,'Rilsula','Engirod',1957),(7031,'Tasasler','Lurul',1948),(7043,'Achydan','Anm',1949),(20319,'Zachum','Lleil',2012),(15165,'Bellorden','Enth\'rano',1988),(7088,'Myth','Ryn\'unte',1950),(31451,'Hongther','Ustlther',1931),(7093,'Isoem','Angves',1953),(26819,'Fiest','Rad\'gha',1930),(28331,'Achit','Shyaw',2012),(7113,'Echf','Ialgar',1949),(7121,'Nynys','Untche',1978),(22020,'Ackyton','Dar\'ashy',2008),(33756,'Rakrad','Curn',1976),(23248,'Endaqua','Aleon',2000),(19195,'Rilet','Roth\'drai',1962),(27466,'Samach','Nyrem',1984),(26926,'Enddyn','Aera',1942),(18986,'Qua\'kima','Snyemlye',1995),(7182,'On\'wary','Nalald',1959),(18278,'Dek','Ild-belyt',1966),(7197,'Worumy','Cosane',1955),(7216,'Thien','Banas',2008),(7219,'Uelmi','Teldton',2001),(20026,'Rynor','Stryor',2000),(7222,'Essold','Tarux',1990),(7234,'Lorust','Fecoko',1995),(7235,'Asrilmor','Skelash',1955),(25096,'Shyaenth','Garing',1970),(19725,'Ashia','Angper',1924),(32351,'Pushy','Whiorm',1968),(7268,'Athsulril','Verfem',1985),(26852,'Orkel','Eldorban',1982),(7278,'Quetur','Soess',1933),(33197,'Yero','Ildage',2004),(7294,'Turvunt','Nyler',1975),(7296,'Loredeni','Thraphsam',1976),(7302,'Kolor','Ynic',1929),(17907,'Ard\'any','Ess\'hono',1991),(26333,'Adan','Deusk',1936),(17048,'Honiss','Cret',2009),(7308,'Kal\'ere','Isat',1953),(31983,'Crerd','Alddyn',1960),(25606,'Qushon','Rancha',2013),(21509,'Ruirrcha','Oughnn',2006),(24807,'Aldbel','Mobihap',1947),(7344,'Tenust','Tond',2009),(7351,'Unds','Hat\'turo',1922),(31583,'Llather','Angim',2013),(7358,'Ruser','Irther',1966),(15113,'Mosund','Ninard',1958),(7377,'Moilban','Jitodi',1947),(7418,'Hooph','Aw\'vera',1966),(7420,'Ageos','Ang\'ech',1983),(7427,'Issaesty','Sulubel',1927),(7434,'Cheash','Naldrabel',1991),(7446,'Aringu','Rothorm',1966),(7449,'Atechard','Sulyenth',2002),(16331,'Lyeuach','Bliant',1975),(15829,'Woonnest','Aradi',1962),(7467,'Chaves','Treyq',2000),(7468,'Kelk','Rosina',1944),(15721,'Irrynend','Faltas',1942),(22913,'Isburwor','Pol\'ari',1929),(7476,'Byraha','Eldlar',1964),(33744,'Pollye','Dinog',1922),(7482,'Dizat','Zekuve',2015),(7489,'Lorkalaw','Rakon',1939),(7498,'Ach\'kele','Dodaro',1924),(7510,'Adf','Urnnys',1951),(26266,'Rishche','Woom',1920),(30786,'Echver','Onouf\'h',1938),(7523,'Strodper','Sakaho',1995),(7524,'Vesbel','Urnend',1944),(24825,'Phoqueir','Nyves',1920),(21411,'Vorshylye','Belald',1927),(7538,'Lysim','Ageyeld',2007),(33755,'Kelech','Nyuenth',2002),(7563,'Dilok','Bur\'tai',1934),(19888,'Sulhin','Odyna',1948),(16189,'Ack\'ero','Lyeeth',1973),(15750,'Burenth','Tinoni',1948),(17649,'Engril','Nysusko',1995),(26002,'Danlund','Emeld',1971),(31429,'Cha\'nyo','Ageg',1984),(15529,'Nyage','Endtai',2002),(7645,'Inaend','Aw\'rany',1972),(20725,'Endsay','Isn',1968),(20915,'Engusk','Tianas',2013),(7669,'Naw','Nalit',1943),(7681,'Nalad','Ine\'or',1952),(7687,'Ankin','Alduqua',1993),(17477,'Bymeni','Chrobur',1962),(7689,'Arl','Enray',1940),(7696,'Taitor','Endver',1926),(27260,'Tanther','Gywor',1945),(7710,'Zumor','Roth\'age\'or',1960),(23782,'Vork','Endra',1952),(22108,'Viar','Imceress',1943),(21584,'Yeroend','Veserdra',1921),(7735,'Ostin','Ustuet',2005),(31488,'Lyemor','Beltorper',1977),(7751,'Untkalray','Untash',1979),(16724,'Vorquawar','Throoldtia',1991),(7768,'Essoldenth','Emche',1945),(7769,'Atu','Phoolash',1921),(7777,'Urnsamess','Toen',1982),(27443,'Dansh','Yemepas',1975),(7793,'Im\'em','Versul',1991),(17093,'Veret','Sian',1974),(16250,'Tamas','Endtasaugh',1970),(7819,'Roust','Rakpque',1927),(18230,'Sifay','Issald',1934),(7822,'Osykin','Serar',2008),(17114,'Shanbur','Ina\'is\'eet',1955),(7826,'Ormpol','Ineessa',1997),(30851,'As\'ashu','Toket',1984),(7848,'Atd','Ack\'sere',1971),(25285,'Lyunt','Gha\'tia',2015),(7860,'Nys-ormdar','Ichao',1992),(27777,'Sysyto','Alert',1941),(19580,'Niven','Mordenwor',1922),(7875,'Banhat','Zugino',1992),(7889,'Kinald','Rilyss',1993),(7905,'Soaldath','Kusiw',2011),(7909,'Hetyxo','Perathit',1982),(7911,'Pikip','Onqua',1976),(15021,'Vespol','Chaer',2000),(32520,'Serage','Stroden',1925),(32640,'Duskhon','Untis',1966),(15955,'Ormray','Turan',1981),(7946,'Ceruwar','Age\'ris',1958),(7947,'Oncer','Erran',1962),(7948,'Asem','Ris\'im',2013),(31277,'Basuvu','Omdar',2007),(26667,'Hong','Ustav-qua',1987),(28912,'Darmor-ton','Dan\'cere',1921),(7965,'Drahonom','Ust\'shy',1951),(25785,'Ser\'que\'eyth','Smetny',1927),(7972,'Angir','Ing\'at',2007),(23315,'Irack','Uskskel',2015),(7975,'Ageimos','Eldia',1974),(7976,'Traivny','Keltona',1954),(20220,'Tiaceraugherir','Urynu',1978),(7988,'Limixi','Crewar',1968),(22410,'Slayntor','Dynaughe',2014),(8005,'Hatgar','Ary',1925),(28874,'Lostler','Hirtvor',1922),(22859,'Chiph','Banaldy',1925),(8025,'Emir','Drack',1924),(32176,'Ale\'ban','Waryit',2005),(24864,'Dra\'tin','Seeck',1945),(8031,'Nulin','Striag',1940),(8035,'Untray','Ackik',1997),(20663,'Austu','Leyssper',1974),(24976,'Tontontan','Mosage',1975),(8049,'Clieng','Isdan',1958),(8055,'Ojsama','Queit',1990),(8064,'Vorshy','Riseldi',1931),(8071,'Banebur','Dynther',1997),(8072,'Usktor','Mosqua',1993),(8078,'Irther','Oldl',1928),(17049,'Urn\'kele','Daid',1986),(23889,'Taston','Hibina',1981),(24706,'Ardisqua','Anbel',1964),(8105,'Enthden','Est\'tur',1946),(29232,'Rynmor','Koar',1926),(8114,'Hatpol','Esero',1976),(8124,'Banacke','Daratpol',1997),(8135,'Thoinaight','Jouph',1944),(18171,'Arrynu','Ardia',1994),(8141,'Quaeess','Iomo',1921),(8152,'Rakistin','Oughaso',1937),(8153,'Shyton','Geris',1960),(8157,'Sulogh','Eacki',1946),(28573,'Morver','Etdril',1961),(31807,'Shynmor','Ageyer',1935),(33170,'Torm','Xibek',1947),(8190,'Polz','Ingath',1931),(30677,'Vescelm','Radald',2015),(31521,'Burumom','Tonsh',1972),(8216,'Ormor','Anysa',1997),(31542,'Erayo','Ivesi',2001),(16407,'Driawlye','Elmnys',1953),(8231,'Fator','Adelo',1921),(28669,'Ightkin','Tanem',2006),(24487,'Issachom','Papol',1982),(8241,'Is\'ange','Nethia',1990),(30002,'Uoma','Omen',1922),(28832,'Oqua','Throon',1932),(32942,'Sulsere','Iner',2004),(21857,'Nojiha','Skelightild',1939),(8266,'Lyc','Theanine',2005),(31375,'Lerihiti','Lorkel',1928),(31951,'Ature','Reys',1944),(8297,'U\'elmdar','Rothatet',1968),(18259,'Ildrper','Rodach',1943),(28041,'Swoosard-et','Urno',1977),(31955,'Etetu','Jakyno',1982),(8315,'Toitcha','Kinawa',1990),(18308,'Tiaogh','Sulitvor',1949),(23163,'Estaw','Ir\'issu',1941),(8335,'Steishin','Ortorust',1934),(21599,'Tining','Baneg',1957),(8342,'Ench','Ranar',1980),(8349,'Mugili','Loris',1962),(25989,'Nalwar','Nystang',1969),(27995,'Vesera','Viwus',2004),(25710,'Lyeem','Nyikal',1987),(28608,'Lerdel','Kimydyn',1944),(8369,'Lorass','Litet',2012),(31341,'Dryrodir','Athny',1982),(33760,'Rayan','Noranshy',1997),(8386,'Tonem','Vestin',1935),(8387,'Mild','Atasu',1972),(8388,'Maktur','Kelinn-rad',2013),(8398,'Ightt','Ciyili',1976),(30325,'Ormos','Diet',1976),(8415,'Yatoba','Etani',1954),(8417,'Daechaugh','Kinaest',1999),(8433,'Shyas','Yerathbur',2004),(8436,'Itedel','Asvor',1992),(8440,'Versam','Ard\'rod',1986),(8456,'Laisskel','Itale',1953),(8458,'Im\'ald','Om\'hiny',1967),(8467,'Kalrillye','Issesstan',1933),(20245,'Kalcer','Rothan',1970),(8480,'Rad\'rotho','Atrd',2015),(8482,'Schout','Tasnal',1994),(33843,'Usk\'eldy','Rakas',2006),(32490,'Emaer','Voodkal',1958),(18072,'Leill','Elmimo',1921),(32484,'Jotoom','Garack',2003),(30206,'Cheradhat','Dyn\'est',1993),(20576,'Yer\'en','Drak',1988),(15214,'Latailye','Burnelm',2005),(8537,'Elmeld','Vesow',1990),(8543,'Pyshmor','Perdyntaningi',1949),(8545,'Rayar','Skelnn',1947),(8563,'Ranur','Bakig',1920),(8569,'Woackdra','Untundormver',1968),(32009,'Sul-estum','Unyo',1964),(20552,'Vor\'atha','Memyfeb',1954),(17119,'Baus','Therineild',1996),(32236,'Uaugho','Cer\'ray\'ack',1929),(31380,'Therdkel','Rynsdar',1933),(8593,'Azbani','Bel\'vera',2007),(25752,'Jett','Os\'cha',1926),(8602,'Imeroth','Ardmine',1982),(8607,'Yquay','Phyarcer',1964),(8613,'Doriso','Hynon',1954),(29487,'Engser','Mosran',1978),(23298,'Fymat','Orodi',2000),(23132,'Ryhoru','Umard',1961),(29449,'Lobak','Orendi',1979),(17217,'Aleadra','Toneng',1983),(8663,'Polerunt','Shacer',1936),(8665,'Hondel','Skelbur',1971),(8667,'Rakoum','Etet',2012),(8677,'Nyverale','Delan',1937),(8678,'Aughina','Wenes',1969),(8692,'Danlust','Loisdel',1983),(33978,'Ageoech','Verrad',1937),(27901,'Issmor','Esseet',2008),(30241,'Teris','Emuin\'a',1975),(21163,'Kimunt','Peria',2008),(8720,'Mor\'tan','Smyrr',1988),(25032,'Lutegi','Nogewe',1951),(33284,'Burlye','Honkal',1921),(22599,'Woromald','Cebur',1953),(28141,'Kimild','Nysghae',1956),(8734,'Uveru','Ikuto',1969),(32620,'Riumech','Vor\'eti',1979),(26833,'Ribat','Lyeontor',1939),(8758,'Shynys','Emissen',1989),(8761,'Urnpad','Ust\'kin',1995),(18858,'Inyoildo','Yado',1942),(23188,'Enpermor','At\'ough',2015),(25003,'Quaomo','Elmdan',1927),(23559,'Aldynys','Umworque',1960),(8809,'Ightundi','Isu',1981),(8818,'Emar','Orurt',1943),(8823,'Ryntia','Ard\'rak',1929),(28378,'Asuich\'n','Honler',1993),(16179,'Ronvlor','Vesale',1958),(28205,'Chrailar','Tanok',2000),(8831,'Samohat','Turyack',1963),(32454,'Tol','End\'hat',1955),(8848,'Ann','Ageshya',1961),(8855,'Inye','Hong',1970),(18187,'Endxight','Tiaeold',1986),(29544,'Gar\'quei','Achdel',1946),(8895,'Turen','Cawam',1942),(29474,'An\'per\'am','Eth',1974),(22248,'Medyg','Draip\'rd',1956),(8914,'Denet','Cekinos',1994),(8921,'Quessul','Odana',1988),(23122,'Crees','Endyn',2000),(8930,'Itia','Ageyq',2014),(8934,'Nenimy','Ves\'osy',1944),(27997,'Sultust','Essvorpol',1984),(15449,'Seechpol','Bur\'an',2000),(8978,'Asrgha','Rayud',1996),(8982,'Irgha','Ormv',1950),(8986,'Osom','Schiangem',1922),(19688,'Sinysurn','Ettor',2005),(16121,'Dealtan','Quefran',1965),(18614,'Moin','Emayn\'d',1933),(9008,'Engray','Oony',1920),(31318,'Adop','Mosroth',2014),(16035,'On\'mos','Pernala',1976),(9030,'Vesghalor','Caenon',1934),(9036,'Rothdar','Und\'bur',1998),(20351,'Tuxotab','Baneng',1982),(22648,'Cerinatai','Omeng',1947),(9051,'Honran','Uskz',1993),(30729,'Ghad','Kalonal',1981),(9055,'Rak\'mor','Etiph',1937),(9060,'Skelnalenth','Ath\'elm',1958),(9064,'Kanyda','Mogov',1936),(9065,'Thinalis','Elman',1933),(33129,'Zhoogh','Buerunt',1947),(9075,'Ardiat','Und\'iss',1959),(9081,'Taihtan','Whanalight',1983),(21651,'Irdra','Dynveswar',1938),(16842,'Noachurn','Honomhon',1997),(21503,'Drald','Toruen',1990),(9112,'Tamij','Therine',1969),(9114,'Mialt','Cyorad',1957),(22892,'Draec','Delrald',1986),(9124,'Orm\'isy','Vessaye',1964),(9133,'Roruf','Garale',1972),(9138,'Elmar','Honelm',1976),(9139,'Dyn\'alda','Piessaw',2004),(32629,'Orund','Rilath',1968),(9156,'Xataci','Age\'gar',1962),(9160,'Emd','Sul\'eld',1938),(16665,'Theibwor','Nyal',1968),(9167,'Ement','Risp',1937),(16840,'Kelnhon','Kaworen',1944),(15659,'Enthis','Buinir',1954),(25844,'Itheri','Ziacech',1938),(29432,'Emny','Untpere',1983),(23013,'Dynen','Imer',1953),(15065,'Aughing','Y\'chard',2003),(29587,'Eunta','Emgh',1962),(9220,'Ylery','Iting',1953),(27277,'Quach','Rilach',1949),(22292,'Peryque','Luheso',2014),(9235,'Xebym','Niroro',1991),(9243,'Darim','Croche',1996),(21070,'Danis','Usksayny',2013),(9250,'Loephny','Angray',1920),(27567,'Torof','Skelnal',1986),(9257,'Onult-ris','Sewyr',1979),(32838,'Lytrod','Undskelia',1961),(30089,'Ighted','Engran',1961),(24174,'Tasline','Rayash',1956),(19224,'Veralden','Cerz',1991),(9275,'Quoelm','Blarankal',2013),(20243,'Myhoc','Kain',2013),(29642,'Isheane','Nomis',1981),(9295,'Anl','Drary',1951),(9296,'Verashenth','Vorer',2001),(9301,'Essn','Awaru',2005),(9304,'Chaugh','Veswortai',2008),(9311,'Elm\'ormi','Ghanal',1950),(30972,'Burkime','Ir\'kal',1937),(22121,'Tian','Dynsul',1961),(19829,'Cetizi','Tarube',1989),(9340,'Tinati','Earu',1982),(28148,'Usken','Isskel',2013),(9349,'Ach\'che','Y\'enthshy',2006),(30658,'Old\'yero','Im-old',1926),(33032,'Worworo','Etdel',1934),(20470,'Ingbur','Urnl',1977),(31007,'Chaer','Yada',2015),(25956,'Nobtia','Gihid',1950),(18480,'Tiavor','Waraw',2008),(30645,'Garar','Kumim',1989),(18776,'Kalrod','Aelde',1974),(9397,'Ashas','Ackz',2002),(9400,'Imow','Estcer',1966),(9401,'Inadrao','Chianar-ath',1957),(31764,'Fapine','Yeurn',1922),(9415,'Lerris','Belaroth',2006),(33242,'Risris','Heiph',1941),(25301,'Tor\'ard','Nyat',1992),(21284,'Taient','Ceekurn',1978),(15446,'Mosing','Urnsaye',1936),(9437,'Perem','Asiss',1946),(30312,'Samwor','Vorsamy',1949),(19830,'Rothgar','Orm\'ler',1946),(31912,'Morawund','Skeldarir',1939),(9458,'Rakrrad','Sedyb',1981),(19895,'Ranem','Smass',1942),(9461,'Ildia','Soloh',1998),(9464,'Latan','Kucid',1992),(9473,'Ipolo','Asenth',1971),(9485,'Morard','Warves',2007),(9496,'Oldperi','Wargha',1960),(9499,'Siag','Ild\'ild',1997),(23953,'Sodyn','Rakrr',1973),(9522,'Troackelm','Fuvor',2011),(9526,'Moseine','Kinver',1947),(9532,'Ban\'hon','Verageack',1945),(24731,'Enemi','Hin\'are',1937),(17555,'Iaest','Eldph',1954),(9571,'Count','Ess\'hin',2015),(9572,'Onitan','Engathi',1960),(24411,'Paleon','Polkalmor',1935),(30288,'Emch','Aw\'mos',1958),(9582,'Bels','Delver',1928),(9585,'Sulvesen','Ormmtia',1941),(9589,'Essough','Kin\'ton',1995),(9596,'Dardyn','Vesyech',1995),(23798,'Vorumbel','Radgar',1969),(9618,'Slisqua','Sahob',1933),(9626,'Crim','Awechbel',1925),(28091,'Kunymi','Kaluough',1995),(9648,'Polnn','Kelek',2005),(32093,'Enthsay','Beltaning',1933),(27001,'Zaimcer','Ough\'ust',1921),(9665,'Burenth','Sokudir',1972),(9672,'Quivorath','Anack',1934),(17013,'Ghaomor','Logar',1988),(24925,'Nyeng','Ustmorat',1956),(9682,'Hondarpol','Yerlwor',2000),(9686,'Awathtin','Lormsam',1946),(9699,'Loephdyn','Undit',1963),(28420,'Swaet','Apery',1941),(9715,'Radwar','Esame',2002),(9716,'Enthough','Belsay',1923),(9725,'Ilora','Liaddra',1933),(29627,'Untroth','Ormnt',1927),(18687,'Lab','Sulryn',1982),(18905,'Asray','Anaughban',1960),(22267,'Rayxhat','Hinlye',2005),(9750,'Toindgar','Eld\'sul',1949),(9757,'Verit','Risadyn',1994),(29058,'Tavuty','Ineutin',1984),(9769,'Aleoend','Hesar',2015),(9775,'Beltur','Ray\'quae',1932),(9788,'Nim','Alent',1941),(15775,'Smiet','Rain',1969),(9792,'Acheni','Lorawit',1931),(23348,'Rhayghim','Foreb',1957),(23179,'Kalol','Hofica',1922),(23290,'Iaen','Esseh',1931),(9809,'Hat\'rak','Verat',1966),(33127,'Athsaye','Ardlage',1975),(9848,'Rodlyequa','Torgar',1952),(19573,'Ryn\'toru','Aughbelhat',2013),(30400,'Ildaim','Lyever',2006),(9868,'Talera','Hydyn',1936),(17580,'Varyn','Threuch',1948),(9881,'Ildsulenth','Acken',1972),(22553,'Lerdynwar','It\'ghai',1973),(25897,'Isamo','Urnhono',1936),(9896,'Engor','Tonit',1958),(9906,'Samunt','Emul',2010),(18165,'Acha','Smisam',1959),(9914,'Denon','Arp',2007),(26728,'Irilu','Tyighttan',1934),(9930,'Kanude','Loreld',1921),(25406,'Ardshy','Queech',1999),(9944,'E\'ersam','Rodylt',1992),(31273,'Baneon','Risight',1977),(27167,'Ash\'tai','Wor\'rodu',1945),(9960,'Therormen','Alds',2003),(9962,'Phoertas','Goxiall',2001),(18113,'An\'poli','Quydenlor',1943),(32708,'Honlye','Danrcha',1965),(9978,'Echlor','Gharan',2000),(9980,'Torem','Skelar',1924),(26886,'Ormdan','Ightban',1926),(9987,'Sayt','Nysrod',1949),(24747,'Trehom','Cheing',1983),(9996,'Lorlorver','Ormuf',1977),(9997,'Mosest','Ir\'ny',2015),(26359,'Yeriver','Palybeb',2011),(30538,'Lorryn','Throertia',1963),(30812,'Areos','Uvora',1927),(10012,'Tan\'elm','Denling',1931),(21811,'Ighttor','Cerend',1986),(19039,'Tias','Cleold',1995),(10024,'Urnunt','Cerundia',1981),(10026,'Osess','Ustceren',1941),(10038,'Haus','Nalrd',1952),(31560,'Omsh','Lyeist',1965),(31778,'Ielmi','Natym',1973),(10069,'Gardan','Radenthelm',1946),(17002,'Worevor','Kaxeb',1998),(22344,'Lerhon','Tairoth',1985),(10098,'Noufves','Zuschban',1935),(22319,'Deworald','Moseld',1990),(10105,'Undcbur','Aleis',1974),(10109,'Rothor','Quetas',1932),(10110,'Um\'dany','Ymoso',1981),(21863,'Age\'en','Tococe',1964),(25180,'Nedob','Mor\'sule',1971),(15226,'Coul','Rothgarech',1945),(10134,'Endurn','Shysam',1969),(19620,'Sybyu','Vesing',1993),(10149,'Awori','Kin\'esse',1961),(10152,'Shoengshy','Stratang',1976),(30474,'Craran','Undado',1996),(10163,'Siaw','Etquale',1930),(10169,'Niguky','Soaldend',1994),(24133,'Athingtas','Eldywor',1926),(10173,'Banall','Delispol',2002),(24817,'Ashryn','Itsay',1959),(28839,'Siting-um','Redyvo',1992),(10218,'Anala','Aldlight',1956),(10226,'Banskel','Aldnys',1935),(10238,'Achos','Wowafe',1921),(10241,'Jisen','Tiayon',1964),(10247,'Onoughi','Imdratanine',1984),(28975,'Mosn','Chreener',1990),(25937,'Rynsay','Tasatser',1999),(26695,'Ysheiti','Farisack',1922),(22705,'Servor','Mugud',1926),(10299,'Kiyamof','Inesia',2001),(16337,'Skelpol','Rakarde',1936),(10307,'Os\'ture','Ril\'elda',1983),(25255,'Badraenth','Perale',1960),(26221,'Omaler','Aseos',1983),(10343,'Ustor','Honorwor',1933),(23424,'Denengtan','Ranir',1997),(32058,'Usknys','Dar\'ess',1922),(10360,'Polcha','Smadad-im',1944),(16809,'It\'bel','Vuravo',1982),(33604,'Burnn','Otaiy',2004),(10381,'Keynat','Vunur',2002),(21391,'Mymorshy','Rutan',1921),(10389,'Aldroth','Echbany',1963),(30561,'Sound','Aldkelech',1923),(10396,'Ormon','Omsul',1985),(22745,'Ounde','Rayuough',1961),(25170,'Strosseng','Feeseld',1948),(17547,'Rilg','Ankel',1943),(10415,'An\'sayo','Birede',1949),(10420,'Rotorina','Oldkal',1930),(31496,'Ingvight','Achkel',1994),(15260,'Ris\'er','Achack',1971),(10439,'Shiadis','Leche',1966),(32198,'Lorit','Yer\'ack',1973),(28576,'Elmt','Isoack',1985),(10462,'Bannyeld','Roull',1924),(10466,'Deniz','Nowad',1987),(10468,'Vernal','Rhyildend',1988),(10470,'Cer\'waro','Rhuist',1959),(10474,'Omrt','Umitough',1962),(31515,'Overy','Lyeum',1975),(31923,'Angimrak','Dok',1952),(16553,'Ghaon','Urn\'gar',1954),(10513,'Omnal','Urndyn',1952),(10514,'Ranoer','Eldrynyer',2003),(10535,'Garunt','Aquei',1962),(10540,'Aechu','Snit',1944),(18645,'Lloistroth','Kooughen',1930),(10544,'Inglyedra','Thrydyn',1958),(10545,'Ghat','Taion',2015),(10550,'Lyrado','Chan',1969),(10552,'Arund','Clouk',1982),(10557,'Ale\'tona','Iaon',1973),(10568,'Engp','Voineina',1940),(10573,'Endtia','Samyerar',1964),(25867,'Essaust','Madanban',1995),(30100,'Bemof','Hedel',1921),(22709,'Hixic','Oldtia',1974),(24978,'Morrad','Endraybel',1973),(10622,'Ingnyse','Quoeq',1928),(10629,'Perhin','Ban\'rani',1979),(10630,'Lolder','Cheen',2003),(22014,'Nihemo','Danen',2000),(27209,'Ranuith\'o','Drais',1965),(10697,'Ormon','Echs',1928),(29685,'Toliru','Lyer',1958),(17698,'Laryci','Ackien',2010),(15732,'Rodir','Deser',2007),(10710,'Stat','Ser-arem',1941),(27163,'Novuwi','Ardagei',1981),(17564,'Chreaw','Enoem',1949),(10735,'Yaleka','Cr\'delen',1990),(10750,'Nyiss','Kimusk',1967),(10769,'Den-oldeth','Saryli',1946),(24916,'Sighash','Qua-cha',2013),(17393,'Shyvoros','Turina',1960),(33325,'Aw\'augh','Cek',1932),(10805,'A\'ingon','Tharisves',1992),(23203,'Inas','Ureri',1933),(10811,'Kimtin','Onrodkal',1995),(10814,'Ach\'it','Nelif',2002),(19882,'Say\'ton','Engryn',1993),(10826,'Gharoth','Quath',1987),(10830,'Asildi','Buriath',1969),(10834,'Oldan','Tasz',1997),(10837,'Estllye','Tyachris',2000),(30541,'Nys\'onu','Delund',2005),(22078,'Chruilt','Kinn',1923),(15213,'Irest','Reeren',1944),(10856,'Unds','Kining',2015),(21849,'Radold','Heus',1923),(10864,'Luat','Und\'usk',1924),(30401,'Moring','Emas',1957),(33567,'Lesob','Uentho',1943),(10871,'Ikely','Ynyo',1979),(10874,'Tasaugh','Gar\'im',2015),(26576,'Elm\'tai','Essang',1926),(10880,'Risal\'m','Llaia',2007),(20276,'Iaust','Garoran',1977),(10901,'Loren','Kum',2006),(25185,'Ighten','Quaight',1977),(18252,'Hinina','Banal',1966),(10918,'Voreen','Raonril',1958),(18902,'Perem','Atnwar',1942),(18190,'Moras-unt','Itnysy',1921),(27173,'Barril-unt','Eldtinther',1978),(28813,'Hokori','Briperlye',2010),(10939,'Quemkin','Queeldyer',1980),(17401,'Tiarad','Skeliright',1940),(19939,'Kalny','Dynald',1920),(19312,'Ustar','Atsul',1948),(30359,'Aughorm','Omoia',1942),(10958,'Ing\'kim','Caet',1975),(32264,'Anustage','Ormnvor',1975),(28145,'Moret','Quaw',1932),(10981,'Ir\'roth','Achineper',1984),(24186,'Eora','Ashen',1981),(10992,'Llesqua','Ackmos',1926),(15503,'Vescenth','Nalverver',1985),(17798,'Enganger','Atiach',1923),(11004,'Duibgar','Ackest',2013),(11015,'Danit','Radyer',1928),(11029,'Aleageild','Zooqche',1940),(11035,'Radris','Choaugh',1983),(11044,'Riendler','Tanaswor',1959),(21512,'Slach','Umhin',1985),(11068,'Toisis','Roshar',1976),(11073,'Daright','Issia',1979),(11093,'Sweyvelm-ir','Oughock',2011),(11096,'Vesund','Lusona',2002),(33698,'Syryl','Kaless',1983),(23314,'War-oldad','Denusk',1982),(11114,'Samf','Mos\'et',1990),(11120,'Dendlor','Awskeli',1948),(11127,'Tarothend','Cerl',1966),(26372,'Ainay','Rakbur',1941),(11136,'Unddar','Suluach',1957),(31809,'Tysuzo','Vavora',1968),(16912,'Mesthwor','Neal',1985),(16026,'Shy\'ero','Secood',1969),(18789,'Kimenth','Shy-wariq',2015),(11175,'Ightorod','Lorlight',1973),(25995,'Emtasust','On\'eno',1984),(29794,'Kintia','Vormos',1976),(11199,'Zher','Dadar',1979),(28877,'Rheight','Ight\'it',1935),(25089,'Erina','Ath\'ghae',1989),(29672,'Hinelm','Oechi',1998),(11242,'Honrodu','Durayad',1968),(26827,'Tai\'essi','Enthalt',2002),(11277,'Laruy','Phachar',1967),(11285,'Endoild\'i','Selis',1967),(25612,'Ematia','Ageenth',1926),(33332,'Tupic','Jyerbel',1979),(11305,'Mierack','Tanpolad',2012),(22397,'Ale\'urno','Worbelia',1944),(11309,'Orormold','Siser',1987),(31713,'Athtur','Oashe',1927),(21072,'Tanitlor','Tiaelm',1959),(20071,'Baug','Taiet',1926),(29486,'Bridch','Delech',1975),(11327,'Thern','Athessang',1954),(30653,'Ard\'rily','Sazyko',1929),(20625,'Elmess','Okiny',1971),(11340,'Tanech','Omuim',1931),(11343,'Onl','Mosch',2009),(11352,'Dynaugh','Osdar',1985),(17955,'Rilonryn','Elmnough',1948),(11356,'Untathrod','Tandrak',1969),(11364,'Garves','Naldcha',1955),(11365,'Zoop','Ranipol',1931),(11372,'Lackbel','Issryn',1957),(29942,'Emnalrad','Ackning',2014),(25676,'Oniet','Veset',1978),(20823,'Laertor','Skelest',1968),(23738,'Inanves','Oelmi',1924),(26383,'Dregh','Rays',1971),(23801,'Samyl','Serrod',1963),(32445,'Tinsul','Rodix',2000),(21941,'Isscheia','Baradwar',1994),(11438,'Iora','At\'ler',1953),(32978,'Inayny','Rayusay',1951),(16788,'Gaim','Yokek',1951),(11482,'Noom','Kinche',1938),(18991,'Ittorper','Inetur',1970),(11490,'Stoissust','Soestper',1994),(18697,'Echia','Essroth',1951),(15514,'Rilough','Ackrd',2012),(31811,'Lutys','Denald',1994),(30177,'Chriadhat-lor','Xuhet',1975),(31359,'Urnsulor','Ord',1937),(15573,'Aleushy','Nuserryn',1933),(11540,'Oldir','Uawe',1970),(11545,'Undangskel','Riliz',1970),(11547,'Emutas','Mud',1924),(11554,'Lloroden','Shybel',2004),(27630,'Elmcheessriso','Strewar',1935),(25017,'Zohifi','Rilone',1933),(11564,'Kalntur','Risusta',1988),(11566,'Denest','Kinaess',2006),(11567,'Ighteng','Shocha',2012),(11568,'Taseld','Imz',1980),(21487,'Umrr','Untrund',1980),(11578,'Iatan','Undshy',1972),(15123,'Shyrr','Kalroth',1934),(28243,'Tai\'ranu','Etr',2003),(19739,'Radck','Disadi',1993),(20133,'Skelanghon','Tur\'dyn',1966),(11609,'Erang','Daryb',2013),(33194,'Munus','Eldoughcha',1920),(23976,'Serorm','Enth\'thery',1944),(17804,'Nytche','Ohoni',1994),(29723,'Morph','Luagetas',1942),(25736,'Ebeli','Taseldlye',1920),(11645,'Aesto','Aneroth',1972),(11648,'Aleang','Tiaocha',1986),(11654,'Oughem','Ath\'ild',1975),(30151,'Tayghyer','Pakel',1969),(22696,'Shotinen','Therad',1947),(16616,'Ild\'tia','Cer\'cere',1969),(11700,'Polver','Rodingi',1998),(11735,'Sul\'sule','Ormaenth',1986),(33200,'Vyia','Banech',1976),(11753,'Phois','Delhat',1976),(11764,'Onysu','Phoendash',1947),(11766,'Cisut','Ryner',1972),(32266,'Deldser','Loenom',1979),(29436,'Ranoshon','Lyesul',1988),(11783,'Schyrynurn','Lleagh',1999),(11794,'Lerkimen','Boiphtan',1932),(28914,'Inger','Worph',1951),(23636,'Tanale','Thynnr',1945),(11814,'Cerem','Zeut',1961),(28733,'Isum','Encer',1981),(11820,'Lye\'lory','Rilormrak',1997),(11825,'Yeesh','Tinia',1978),(11835,'Lulas','Enth\'war',1982),(11841,'Rojec','Umuskny',1927),(20617,'Bliad','Taist',1967),(32116,'Quaina','Ormatroth',2012),(19958,'Belveri','Quekimaw',1992),(29260,'Oughang','Hebanust',1945),(26341,'Aughcer','Onoldny',1989),(11865,'Elmradighttanit','Neash',1961),(11873,'Tiauough','Dysuy',2005),(11878,'Mor\'cha','Old\'ildo',2000),(20381,'Itech','Sopitu',1930),(11886,'Nysdelenth','Estsay',1995),(23232,'As\'gari','Fitujoja',1946),(11895,'Zheyn','Ackineest',1951),(22820,'Nysis','Tantonar',2002),(26172,'Honhin','Kubivu',1929),(11904,'Pymor','Mosinamor',1993),(30319,'Nodyne','Ingdeli',1949),(11909,'Omess','Honeat',1939),(11922,'Zhesmor','Quehonen',1934),(11927,'Dynor','Emusk',2005),(11928,'Ver\'yere','Rumimu',1988),(11938,'Lekod','Ikalu',1974),(26869,'Den\'dyno','Liunt',1997),(11943,'Tin\'vor','Ineaphy',2006),(11945,'Skeletaser','Sayom',1928),(21865,'Ekiny','Alehat',1921),(17526,'Sash','Gehum',1976),(11959,'Emurn','Gadra',1932),(18925,'Tinunt','Mosny',1988),(33151,'Tantin','Emen',2005),(25987,'Iryild','Aughell',1932),(11994,'Radbgha','Endbany',1958),(19730,'Lye\'ver','Awlage',2012),(19628,'Yerbel','Yxrile',1962),(27539,'Erdar','Ghaos',1973),(12021,'Ossh','Nying',2001),(23182,'Umque','Hon\'ver',1942),(12044,'Toar','Ny\'eld',1987),(12061,'Thrat','Ton\'tony',1937),(12065,'Aror','Kalem',1929),(16163,'Cotuf','Banusk',1924),(18000,'Bel-lor','Skeln',2007),(12078,'Rayris','Sulser',1942),(26177,'Itpver','Hyzuma',2008),(21938,'Ver\'rad','Tasuskrak',1924),(12093,'Rilrothough','Aughat',1951),(12095,'Fiboro','Iaserriling',2011),(21189,'Ser\'asho','Aldund',1932),(33848,'Dodenbur','Zybeso',1966),(22946,'Innuiqo','Aleskel',1973),(27417,'Esturd','Kelia',1949),(12118,'Yertas','Tinoskel',1920),(23906,'Snurnran','Iast',1942),(22924,'Jenal','Endissdel',1983),(28824,'Edane','Dynimang',1923),(33799,'Tenynu','Honran',1970),(12157,'Saeldald','Tineld',1980),(29809,'Eskely','Rils',1965),(15766,'Aughustpol','At\'bur',1937),(12167,'Enthild','Hinroth',2010),(30195,'Yoirrhat','Kimore',1930),(15110,'Kalrak','Iatho',1958),(18422,'Tinale','Gothttur',1927),(12179,'Enth\'ira','Moreton',1923),(12184,'Honaris','Risfrad',1959),(12188,'Myageine','Bihyr',1971),(29842,'Cheackech','Quecha',1930),(24314,'Sust','Lordel',1941),(12195,'Nyjoy','Lemil',1931),(12218,'Boosgar','Ageir',1965),(12232,'Kel\'vor','Woroshon',1935),(12245,'Honver','Kelen',1962),(21377,'Cerpervor','Ardohat',1972),(12251,'Raneng','Sisis',1932),(12261,'Fyrak','Ryned',1962),(12268,'Yoash','Igari',1925),(12274,'Banuk','Chremas',1961),(33985,'Entia','Kusiyobi',1941),(12280,'Smaiwale','Veskal',2010),(15837,'Achton','Kalck',1980),(12284,'Imudar','Lorque',1985),(30529,'Calor','Serves',1960),(12307,'Emardnal','Rothang',1932),(25642,'Mosfrod','Hon\'inea',1926),(29086,'Rynsul','Hataidan',1972),(25485,'Usktaitonvorild','Et\'issi',1994),(17717,'Aughan','Toreim',1933),(12349,'Irnyso','Ryndra',1948),(15050,'Difet','Enll',2010),(30542,'Omessmos','Tonan',1992),(12360,'Aruen','Rothat',1985),(12368,'Or\'elmi','Undytas',1974),(30855,'Rak\'em','Naledel',2008),(30209,'Enthch','Lyrakenth',1967),(20501,'Vaildar','Chaoque',1928),(24962,'Kel\'umy','Nysuck',1962),(12413,'Voren','Blouch',1995),(12419,'Isack','Clenmor',1989),(21441,'Edeno','Warbwor',1961),(12451,'Rylot','Chaiw',1920),(27444,'Soigor','Rilund',1945),(16267,'Iatu','Ashn',1947),(30134,'Asrine','Et\'dara',1944),(26543,'Taliki','Vorom',1946),(19398,'Issuy','Darire',1971),(12497,'Ris\'ougho','Eld\'elm',1922),(12518,'Lerryn','Sneyr',1941),(12521,'Inaengo','Bel-im',1956),(31413,'Asist-ing','War\'sami',1936),(28068,'Edynu','Ageurn',2008),(12553,'Sysem','Denhon',1970),(24708,'Winoh','Trerod',1925),(33323,'Vornlor','Lorton',2008),(21137,'Arden','Voraley',2013),(31232,'Yesse','Shyomos',1967),(31189,'Oundi','Hatsulnys',1943),(12611,'Gha\'bel','Smyhat',1982),(12612,'Undeldild','Raksam',2007),(21134,'Ensam','Radundkal',1981),(12635,'Raydar','Banhon',2007),(12637,'Enver','Rielm',2009),(12641,'Ramuly','Eld\'on',1924),(12648,'Nydra','Xayaho',1973),(18632,'Enthyd','Dat',1934),(27491,'Isundu','Nogyrory',1962),(27017,'Pheizsam','Danch',1970),(26618,'Essad','Poleming',1971),(12699,'Kinath','Irisi',1966),(12710,'Deness','Mor\'bur',1975),(12715,'Hinroth','Engusk',1994),(12716,'Vesnale','Esttves',1937),(12723,'Tort','Muher',1997),(12724,'Oughtia','Eldrak',1975),(20283,'Pol\'ech','Qual',1982),(32393,'Ranun','Wiron',1970),(32462,'Morp','Mosier',2014),(12736,'Thaykaugh','Clounn',1934),(29228,'Quaer','Lerarod',1953),(28122,'Moordeng','Kakomy',1992),(18740,'Ukimu','Therdanshy',1940),(22304,'Cerlt','Lycut',2013),(30157,'Lor\'ora','As\'tas\'eun',1957),(19362,'Xybene','Umd',2001),(27328,'Aser','Molul',2003),(30189,'Queelm','Drausk',1975),(15125,'Gar\'tan','Issd',1984),(12828,'Gupinyr','Endaorm',1965),(12844,'Burousk','Darotor',2006),(12849,'Samimroth','Oldhcer',2007),(25305,'Leoughbel','Ler\'et',1979),(12857,'Essveshatcha','Awestis',2013),(30275,'Radshyther','Isdel',1929),(30303,'Ernale','Bayon',1992),(31005,'Osageran','Ustkim',1999),(12887,'Reis','Untech',1939),(33346,'Worech','Nahusk-dyn',1924),(19723,'Gar\'lere','Dan\'tor',1951),(12900,'P\'ghaess','Ardlmor',1932),(19479,'Iteldight','Sas',2012),(27866,'Iald','Aeno',1970),(12932,'Moghit','Tureer',2006),(18489,'Rothche','Rares',1979),(24994,'Dynurt','Pol\'roth',1997),(12953,'Raygh','Ruw',1944),(27571,'Rothat','Kinche',1947),(12976,'Choentina','Adigha',2015),(12987,'Tanvesris','Enaldu',1930),(17239,'Anet','Oughvor',2002),(15004,'Lijol','Rothran',1996),(13019,'Alekel','Ilda',1972),(13021,'Elmryno','War-untut',1980),(13041,'Tor-skel','Ismnys',2007),(13043,'Ranar','Droortnal',2009),(27451,'Siage','Dysozoso',1978),(13064,'Croetest','Smoomough',1963),(30911,'Awtos','Urnqua',1997),(25038,'Ar\'dany','Endad',1973),(13081,'Chouthves','Essudyn',2004),(13090,'Rhetasshy','Oquao',1999),(13093,'Angit','Llaimit',1997),(13099,'Ech\'kin','Chatainys',1979),(13101,'Rileng','Tor\'tur',2010),(21257,'Lylake','Mat',1931),(16446,'Loyax','Dravor',1950),(22126,'Irll','Ranvesa',1997),(25475,'Ustler','Adton',1991),(30019,'Say\'it','Zubeyoca',1997),(13147,'Adeli','Fayrtang',1998),(13155,'Tiren','Sultpol',1997),(27919,'Draor','Leret',1927),(25311,'Tiaia','Lortiawar',1955),(33920,'Asulu','Taienth',1991),(13178,'Oldelmves','Persam',1980),(13183,'Hon\'raka','Rilashrad',1982),(32149,'Vishban','Bellor',1924),(28704,'Radaugh','Aleitnyskelild',1952),(22133,'Voros','Banver',1924),(13197,'Cerech','Blina',1995),(33233,'Uskunt','Treon',1954),(33114,'Quakalaugh','Rimrak',1958),(28469,'Nysam','Smarrgar',1978),(13204,'Reym','Ashray',1920),(20437,'Ver\'skel','On\'ema',1954),(13215,'Isshy','Ild\'ine',1950),(13219,'Atrr','Kel\'en',1972),(21773,'Kalryn','Rilz',1955),(13259,'Nalardald','Rod\'ard\'ayll',2007),(13265,'Pernysu','Kungar',1923),(27378,'Que\'as','Ardd',1987),(13290,'Satoncha','Angust',2015),(22700,'Aldath','Samav-den',1965),(13300,'Kakel','Elddyn',1922),(23284,'Lorrack','Dotas',2002),(13304,'Samlt','Bur\'asi',1960),(13306,'Chreawtas','Olduaugh',1991),(28900,'Nynkim','Orm\'elm',1935),(18376,'Smeaqran','Verabel',1967),(27664,'Ianys','Adu',1996),(28865,'Kalfler','Etechon',1961),(13327,'Etumad','Ineelmdel',1935),(13329,'Ightn','Reper',1966),(29398,'Kanec','Oathe',1978),(13334,'Nuough','Ghaitor',1958),(26717,'Osiy','Augho',1988),(13347,'Issnn','Lyeechkal',1952),(33559,'Choryn','Ustess',1930),(30712,'Enemunt','Ust\'kin',1935),(22212,'Chacky','Umest',1993),(31746,'Yafev','Itan',1958),(13382,'Chakin','Aldler',1977),(13383,'Adage','Tantkel',2001),(19823,'Aughek','Dynool\'nd',1939),(13385,'Ightgarest','Echet',2000),(15300,'Dyn-dyn','Ran\'ust',2010),(23422,'Nystan','Rodir',2004),(15461,'Laildash','Cerorusk',2008),(17197,'Strutunt','Tai\'skel',1959),(26224,'Denf','Oathi',1951),(13412,'Rynadurn','Rothack',2004),(13416,'Echn','Ightale',1938),(22033,'Taidel','Onl',1940),(26906,'Sisic','Ageano',1942),(26321,'Schequa','Elm\'lyee',1990),(13442,'Kalyere','Ustunting',1921),(13445,'Eumi','Mos\'hin',1982),(23814,'Cumire','Tonem',1952),(31053,'Asissa','Rothshy',1961),(13467,'Lysay','Old\'lor',1941),(33922,'Eldyend','Omall-elm',1986),(22169,'Moraw','Itler',1988),(20667,'Samnalnal','Neethtur',1961),(13492,'Banbelther','Alddanenthaldo',1956),(13495,'Ingeeng','Ybrothy',2006),(15408,'Chaold','Tinpol',1944),(13527,'Schiacard','Ech\'olda',1955),(13529,'Esstage','Erany',1937),(13541,'Engther','Rothust',1935),(33056,'Hatisskel','Quaum',2008),(16645,'Xyriv','Ranul',2004),(25451,'Imerurn','Nysl',1924),(25580,'Moostwar','Dosit',1932),(13599,'Ald\'dyn','Zisech',2012),(30777,'Zigeur','Enrak',1923),(13603,'Ildsold','Shyfia',1995),(28179,'Rumad','Tor\'qua',1932),(21110,'Tinuskkin','Kelurn',1978),(31932,'Umild','Oneild',1984),(13632,'Gaxome','Veseldy',1979),(25064,'Usks','Ess\'risu',1938),(13646,'Nughat','Phiworwor',2004),(32664,'Turoran','Gar\'lery',2012),(13684,'Wartasler','Tintasit',1943),(18375,'Vordel','Xavot',1937),(33349,'Ancheard','Drakshy',2013),(33804,'Ineang','Osoend',2003),(20637,'Ralye','Hatdel',1929),(13717,'Dengar','Turost',1994),(27321,'Imqueath','Poltia',1960),(31269,'Rothyz','Rilach',1966),(13733,'Ingrach','Untgbur',1994),(32644,'Xayaly','Ankurn',2015),(25345,'Urn\'ite','Radeste',1978),(13765,'Stuelm','Omqua',2004),(13766,'Irh','Adtur',1962),(26314,'Denen','Vesero',1949),(13774,'Risath','Charyn',1950),(31337,'Therler','Ightiss',2000),(33625,'Yerild','Nym',1987),(20105,'Vesnal','Cerir',1976),(13787,'Warlerther','Iml',1945),(13796,'Oldjia','Yodaro',1934),(15805,'Staen','Ackler',1937),(20433,'Tintona','Zalerage',2004),(16362,'Bran','Radad',1975),(22179,'Ingdlor','Tiaemrak',1998),(16311,'Alehris','Ildque',2005),(16321,'Letayo','Urn-aldtas',1971),(29716,'Vorskel','Sernys',1996),(31475,'Ormdane','Raynal',2001),(13854,'Ybely','Ybano',1993),(24234,'Oware','Taiunte',1973),(17623,'Ische','Haton',2008),(15498,'Augh\'ema','Nysotas',1976),(18956,'Embelper','Oldglor',1984),(28522,'Jedra','Yerod',2013),(30082,'Yusta','Jesira',1932),(13901,'Monas','Fapofa',1936),(13913,'Eldlye','Awdrau',1950),(25016,'Chahin','Antai',2002),(29296,'Kalril','Eraw',1933),(22320,'Etim','Redehy',1926),(20655,'Zaith','Elm\'ny',2001),(13944,'Croonny','Anani',1980),(13947,'Sulosh','Ingech',1958),(13958,'Ranath','Endhing',1946),(13961,'Elmk','Rodori',1945),(13963,'Elmydel','Danechi',1982),(28406,'Woiq','Mosuke',1948),(18543,'Wortril','Onn',1996),(18619,'Sonyhe','Eira',1925),(23417,'Ildelm','Crudel',1997),(28878,'Turysam','Untyim',1976),(32851,'Athghaom','Zaelmtas',2014),(23083,'Enershy','Rheineen',1938),(14004,'Ushya','Dyn\'iti',1921),(18549,'Kalough','Tonl',1971),(27723,'Darust','Sonit',1989),(27946,'Eld\'raki','Honit',1977),(14020,'Shytan','Urnvor',1983),(22082,'Torrak','Bleit',1930),(14028,'Aughrana','Nyseck',1960),(14031,'Tanaim','Broageryn',1989),(27429,'Aldmos','Phoeshther',1944),(32048,'Enath','Tur\'que',1961),(17416,'Lym','Queurn',1961),(14054,'Nagycek','Omqua',1980),(16089,'Lakogu','Swokel',1990),(27610,'Aldeig','Creangsam',1963),(16659,'Radlroth','Undield',2015),(18940,'Ightdar','Lereld',1949),(17004,'Leraughu','Echd',1988),(23084,'Ightaun\'g','Rohat',1939),(14112,'Cekel','Denhnys',1977),(32340,'Smugar','Tinxech',1978),(14132,'Girezu','Onden',1968),(14142,'Boban','Shyther',1990),(33961,'Alekimusk','Oswor',1983),(23025,'Kimath','Ightden',1950),(20494,'Isenal','Belenth',1921),(14154,'Meawage','Pheoskel',1978),(23716,'Ash\'dani','Agedan',1969),(14160,'Serod','Litasque',1972),(14161,'Ilyeo','Worlor',1988),(22518,'Ghaunt','Taiold',1988),(14168,'Licon','Usttheraughshylye',1998),(14174,'Gars','Nyskinu',1985),(14175,'Adare','Seciz',1949),(14191,'Xikun','Osgar',1995),(29860,'Nalad','Rayves',1935),(15611,'Roockess','Carad',2007),(19423,'As\'aley','Kierust',2004),(16263,'Is\'dan','Gartinor',1967),(25322,'Pyleri','Mosd',1947),(28206,'Nys\'moru','Denmos',2010),(25590,'Echari','Dar\'eny',1995),(30310,'Estsayurneme','Ire',1998),(14259,'Quehin','Tialor',1950),(17280,'Usklor','Sloskel',1982),(22268,'Artasvor','Keleng',1981),(14307,'Nasen','Hinaughkin',1935),(14313,'Lesas','Cryskel',1993),(18273,'Oughirrak','Comyso',1979),(32854,'Riemsul','Echnelm',2004),(14348,'Nurynough','Liras',1989),(14353,'Phaleros','Yerying',1960),(20301,'Enthaldler','Oageu',1991),(14364,'Tinrad','Isum',1926),(14372,'Sayunto','Upoli',1938),(14374,'Kal\'eng','Eldbum',1945),(18297,'Oniraugh','Sin',1958),(17493,'Ray\'rothu','Ashas',1949),(31036,'Rakrton','Niwaright',1951),(14403,'Yawe','Vorold',1997),(28356,'Reant','Byl',1972),(14405,'Eroda','Omage',1932),(15470,'Wortor','Brysttas',1954),(15899,'Pol\'it\'ald','Tor\'sul',1976),(14440,'Tiaust','Iriroth',1922),(31393,'Piciw','Atsul',1978),(23581,'Untough','Awakal',1974),(30426,'Isslas','Lyeoban',1962),(28143,'Lern','Polgh',1935),(30173,'Or-und','Ackeld',1980),(14486,'Osusk','Tasold',1981),(27675,'Iburu','Skel\'end',1980),(14491,'Moryll','Ash\'ild\'ol',1933),(25331,'Eingi','Lormny',2002),(25984,'Hin\'queo','Hondarshy',2004),(14504,'Yetanper','Engsves',2013),(33608,'Quecha','Rangess',1987),(14525,'E\'moren','Milyro',2006),(14530,'Sam\'tora','Etild',1957),(23965,'Burem-ard','Chehon',1951),(21085,'Denrade','Yerundelm',1934),(14559,'Zhieching','Asang',1963),(31264,'Likes','Dyn\'ban',1967),(30188,'Ageust','Ang\'eld',2004),(27034,'Aughst','Dra\'kim',1949),(14594,'Yerhin','Warmos',1921),(14597,'Etir','Oldiche',1952),(18008,'Ythera','Bolif',1962),(14606,'Hindanper','Imaleryn',1982),(14613,'Ghakim','Rodturkal',1930),(14626,'En\'ryne','Naetden-dra',1995),(14641,'Tar','Oughsim',1998),(14644,'Falad','Smever',1977),(14651,'Denyt','Ordanusk',1989),(24918,'Que\'ril','Om\'nyo',1967),(18321,'Achril','Ormash',2007),(21354,'Byxosy','Omori',1927),(16211,'Verray','Nadod',1920),(14671,'Ortkin','Imeng',1978),(14689,'Taiachuskarda','Boelche',1962),(14694,'Echissam','Dengh',2004),(14697,'Shynalyer','Tenil',2012),(30490,'Ighthin','Per\'nysu',2013),(31459,'Elddeli','Turelt',1988),(14710,'Eld\'ash','Ashinekel',1981),(25671,'Rynym','Homisa',2005),(14725,'Therenbur','Thaul',2010),(14726,'Veroenth','Nytheryer',1990),(14736,'Ech\'dra','Nieng',2004),(14751,'Che\'che','Creistor',1944),(14752,'Ildos','Aughess',2010),(32085,'Ackad','Naluske',1996),(14766,'Bicosi','Ranusk',1999),(26291,'Dracer','Endym',1945),(32945,'Morer','Ardr',2006),(14791,'Ghalt','Taissrad',1920),(17807,'Tridem','Laselo',1932),(14795,'Yikimen','Rand',2001),(21740,'Sian','Inyse',2008),(20756,'Rilny','Ves\'ar',2007),(20181,'Sutur','Warm',1932),(18603,'Yoezenth','Shyidan',1961),(14858,'Tintialor','Age\'tas',1935),(14867,'Snit','Thraing',1985),(14874,'Rileng','Iaqua',2001),(18448,'Honald','Hinpol',1958),(14884,'Dencha','Osech',1991),(15868,'Banrod','Galox',1955),(18850,'Hinhos','Chaiss',2009),(18404,'Quathernal','E\'belny',1927),(14920,'Echin','Untran',1935),(14921,'Crien','Aomo',1930),(20213,'Echea','Uskurt',1930),(22355,'Ightaw','Turat',1958),(15286,'On\'leru','Nyxan',1920),(28680,'Etald','Urnlersay',1949),(14945,'Kintur','Ath\'kely',1944),(15129,'Estst','Ight\'ris',1969),(23209,'Sueras','Asgar',1933),(14964,'Endskel','Cartack',2012),(14966,'Ray\'leri','Zudph',1945),(16778,'Rayoem','Sulit',1978),(22111,'Arddra','Ormnysem',1991),(15944,'Chaent','Zoursam',2009),(23443,'Inaina','Schist',1998),(15000,'Ashumo','Uacku',1979);
/*!40000 ALTER TABLE `passengers` ENABLE KEYS */;
UNLOCK TABLES;

--
-- Table structure for table `routes`
--

DROP TABLE IF EXISTS `routes`;
/*!40101 SET @saved_cs_client     = @@character_set_client */;
/*!40101 SET character_set_client = utf8 */;
CREATE TABLE `routes` (
  `id` int(11) NOT NULL,
  `airlines_id` int(11) NOT NULL,
  `source_id` int(11) NOT NULL,
  `destination_id` int(11) NOT NULL,
  PRIMARY KEY (`id`),
  KEY `source_idx` (`source_id`),
  KEY `destination_idx` (`destination_id`)
) ENGINE=MyISAM DEFAULT CHARSET=utf8;
/*!40101 SET character_set_client = @saved_cs_client */;

--
-- Dumping data for table `routes`
--

LOCK TABLES `routes` WRITE;
/*!40000 ALTER TABLE `routes` DISABLE KEYS */;
INSERT INTO `routes` VALUES (29,410,2972,2975),(58,1654,4078,2936),(222,1729,2548,2562),(258,1729,2633,2635),(423,2916,1558,346),(433,2916,342,382),(537,9818,1335,1074),(559,5002,2844,2895),(610,4608,3375,3393),(697,4608,3395,4144),(797,4608,3382,6376),(850,4608,3388,4380),(884,4608,2244,3370),(936,4608,6392,3394),(1012,2524,6143,2988),(1181,17885,1847,1824),(1313,2548,344,1203),(1344,2548,1200,344),(1473,2548,5557,373),(1492,2548,4322,342),(1516,2548,1524,344),(1565,2548,4317,373),(1650,2548,351,1555),(1742,1173,7206,7093),(1875,1683,3077,2429),(1935,1683,2397,2372),(2032,18232,6777,2442),(2166,2850,2997,3098),(2282,2850,3063,3093),(2295,2850,3144,3131),(2502,2354,72,196),(2622,16726,3420,3411),(2624,16726,3764,3832),(2697,16726,3615,7186),(2698,16726,3615,7088),(2790,18944,2897,2848),(2813,18944,2899,1897),(2831,9531,2979,2974),(2857,16615,1853,1819),(2868,1500,0,8207),(2932,1469,2964,2967),(3129,2942,3394,3382),(3178,2942,3399,6431),(3304,5188,2496,2487),(3339,32,3410,1157),(3352,32,1157,1154),(3405,15999,3885,3406),(3408,15999,6352,3382),(3412,15999,3393,4148),(3467,15999,3406,2370),(3557,15999,0,3382),(3593,3976,3473,3861),(3596,3976,3861,3645),(3623,1629,3448,3701),(3641,1629,3589,4278),(3875,1073,340,1735),(3992,3000,2997,3076),(4061,3000,3076,3093),(4084,3000,3093,3100),(4090,3000,3093,3304),(4123,3000,3007,3144),(4158,3000,3098,2997),(4214,3000,3112,3093),(4215,3000,3153,2179),(4216,3000,3153,3131),(4296,96,3941,1587),(4425,96,1472,1458),(4442,96,1486,346),(4451,96,1190,3941),(4489,1203,580,1330),(4510,1203,1330,580),(4523,1203,1555,1264),(4539,1203,1399,1418),(4550,1203,1335,1330),(4588,1203,1418,1322),(4596,1203,1418,1273),(4620,1203,1435,1264),(4649,2538,3973,1590),(4650,2538,3973,1613),(4656,24,4355,3876),(4748,24,3558,3462),(4814,24,3612,3670),(4861,24,1382,3304),(4910,24,3876,3578),(4913,24,3876,3486),(4947,24,3876,3845),(4982,24,3876,6959),(5010,24,3876,3678),(5012,24,3876,2899),(5050,24,1852,3576),(5236,24,3670,3930),(5248,24,3670,4017),(5252,24,3670,2789),(5258,24,3670,1780),(5277,24,3670,1953),(5328,24,3670,3698),(5514,24,3077,3484),(5519,24,2359,3728),(5532,24,3589,3876),(5578,24,3857,3520),(5619,24,3797,3077),(5621,24,3797,3877),(5786,24,3697,3626),(5803,24,507,532),(5847,24,507,3714),(5852,24,507,3304),(5872,24,507,644),(5893,24,507,178),(5926,24,3144,507),(5929,24,1229,3797),(5942,24,1780,3876),(5992,24,4101,3484),(6064,24,3576,1229),(6137,24,3948,3484),(6150,24,3861,3520),(6166,24,1826,3462),(6272,24,3830,3653),(6301,24,3830,6838),(6580,24,3462,3536),(6620,24,4075,3484),(6671,24,4016,3876),(6736,24,4014,3697),(6803,24,1840,3484),(6836,24,3817,3462),(6873,24,2899,3576),(6980,24,156,3830),(6983,24,156,3577),(7001,24,193,3576),(7078,214,4053,1054),(7146,214,345,1230),(7172,214,345,1130),(7182,214,345,3576),(7242,214,340,1212),(7302,214,342,507),(7353,214,1225,3998),(7412,214,1054,351),(7441,214,346,1460),(7456,214,346,507),(7486,214,7447,338),(7506,214,347,1472),(7524,214,3830,351),(7664,214,1590,351),(7677,214,351,344),(7688,214,351,668),(7706,214,351,346),(7777,214,1246,3998),(8531,13983,2526,2566),(8595,13983,2537,7532),(8732,13983,2595,2564),(8741,13983,2602,2578),(8795,13983,7394,2578),(8925,3392,2264,3386),(8948,3392,2268,3205),(9144,137,3682,4016),(9160,137,3682,3867),(9168,137,3682,3855),(9340,137,1382,3304),(9346,137,1382,298),(9351,137,1382,1569),(9360,137,1382,1359),(9364,137,1382,346),(9565,137,342,1273),(9644,137,298,1382),(9660,137,1529,503),(9681,137,1335,580),(9712,137,3747,3682),(9757,137,1353,351),(9822,137,1418,1382),(9964,137,4067,3682),(9986,137,1273,580),(10131,794,235,210),(10210,794,233,210),(10216,794,280,210),(10229,794,231,1074),(10240,794,1386,220),(10273,794,146,210),(10343,218,2997,893),(10349,218,2997,3153),(10412,218,3093,3076),(10418,218,3093,6173),(10512,218,3930,3469),(10520,218,1701,2997),(10543,218,3146,3043),(10560,218,3992,3077),(10565,218,3304,3316),(10587,218,3144,3146),(10730,576,2430,3304),(10734,576,3304,3269),(10735,576,3304,3131),(10778,576,3304,3901),(10786,576,3304,3120),(10832,576,3901,3304),(10868,321,3682,3645),(10907,321,2851,1824),(11232,321,3536,1840),(11307,240,2948,1551),(11317,240,1524,1509),(11341,240,2985,1562),(11495,412,2474,2442),(11549,439,3774,3577),(11581,439,3825,3484),(11606,439,3571,3832),(11673,439,3797,3731),(11686,439,6718,3774),(11709,439,3484,3728),(11761,439,3878,3577),(11813,439,3720,3774),(11970,439,3577,3678),(11981,439,3469,3484),(12003,439,1840,3731),(12034,439,7088,3774),(12147,4248,1074,1063),(12188,4248,970,891),(12196,4248,1054,1074),(12240,4248,1077,1386),(12253,4248,1075,346),(12297,515,2705,2709),(12322,515,2709,6055),(12344,515,2709,2731),(12385,515,2714,2715),(12480,515,1824,193),(12560,515,2716,2715),(12620,2350,609,351),(12656,2350,8266,421),(12680,2350,421,342),(12683,2350,421,428),(12785,2350,507,3797),(12800,2350,507,193),(12807,2350,1569,421),(12850,2350,644,421),(13795,1478,1489,1739),(13811,1478,2960,2954),(13828,1478,2954,3964),(13886,2395,1147,1144),(13949,3029,3448,3731),(13963,3029,3820,3448),(13995,3029,2188,3469),(14034,3029,3566,3797),(14128,3029,3582,3673),(14381,543,2162,4331),(14522,1355,340,3670),(14634,1355,502,534),(14676,1355,507,467),(14711,1355,507,1665),(14805,1355,1231,503),(14844,1355,1953,507),(14924,1355,1004,813),(14958,4335,2890,2899),(14971,4335,6080,2890),(14994,4740,2281,3942),(15006,4740,2279,2330),(15022,4740,3943,2313),(15370,4255,3272,3316),(15393,3740,293,1335),(15470,4026,3382,3389),(15512,4026,3368,6355),(15629,2091,2359,2275),(15632,2091,3930,2276),(15762,333,346,3953),(15779,333,3953,1382),(15846,16508,1038,1043),(15854,16508,1020,5652),(15935,1663,4304,3797),(15938,1663,2882,3797),(15939,1663,2882,2902),(16068,751,3370,6386),(16082,751,3370,4144),(16131,751,4380,3392),(16137,751,3393,3375),(16158,751,3393,3368),(16298,751,3385,3372),(16336,751,6345,3395),(16468,751,6428,3364),(16489,751,3384,3394),(16512,751,3382,3406),(16523,751,6407,3395),(16651,751,3373,4030),(16677,751,3364,737),(16734,751,3364,6380),(16771,751,3364,3406),(16787,751,3364,6348),(16837,751,3406,3384),(16884,751,3391,3368),(16918,751,3361,3406),(17041,751,2276,3386),(17105,751,6392,3395),(17106,751,6392,3382),(17115,751,6392,2276),(17159,751,3396,3395),(17163,751,3379,3395),(17238,751,9107,3374),(17355,1308,5423,5984),(17361,1308,5,3),(17396,1756,3682,3484),(17466,1756,3942,2276),(17594,1889,2851,2709),(17656,1889,1871,2699),(17661,1889,1871,3448),(17775,1936,1909,3988),(17782,1936,1909,1386),(17864,1680,1555,3077),(17871,1680,3199,3077),(17912,1680,3077,3141),(18018,1680,3177,3077),(18019,1680,1551,2241),(18098,1767,3885,3383),(18121,1767,3370,3076),(18139,1767,3370,3077),(18152,1767,3370,3382),(18269,1767,4380,3386),(18327,1767,3371,2370),(18381,1767,3395,3382),(18548,1767,3386,3400),(18614,1767,3400,3392),(18700,1767,3382,3395),(18739,1767,3394,3370),(18810,1767,6383,6395),(18904,1767,2279,3370),(19163,1767,3390,3400),(19166,1767,3390,3387),(19177,1767,3973,3399),(19222,1767,3368,3400),(19236,1767,3369,3371),(19308,1767,6392,3371),(19338,1767,3376,4144),(19411,1767,3383,3382),(19442,1767,6366,3364),(19735,1868,340,1054),(19762,1868,1051,342),(19851,1868,478,1225),(19909,1868,2610,340),(19939,1868,350,1056),(19943,1868,337,1460),(19971,1868,73,340),(20045,2009,580,3720),(20092,2009,3682,4015),(20190,2009,3682,3732),(20242,2009,3682,2890),(20303,2009,3811,3682),(20337,2009,3448,1382),(20349,2009,3448,3697),(20441,2009,3876,3645),(20481,2009,3488,3690),(20528,2009,3627,3697),(20762,2009,4009,3858),(20775,2009,1804,1825),(20787,2009,4063,3536),(20867,2009,3550,1824),(20894,2009,3585,3797),(20895,2009,3585,3484),(20960,2009,3797,3878),(20964,2009,3797,3861),(20984,2009,3797,3613),(20987,2009,3797,3577),(21006,2009,1165,1187),(21081,2009,3484,1836),(21113,2009,3697,3486),(21226,2009,3878,3877),(21345,2009,3858,4047),(21417,2009,3858,3459),(21530,2009,3454,3536),(21629,2009,1836,3682),(21668,2009,3807,3536),(21756,2009,3469,507),(21790,2009,3536,3849),(21907,2009,3698,3682),(21951,2009,100,3645),(21973,2009,178,3877),(22007,17094,1084,4162),(22013,17094,897,245),(22105,4840,2908,2918),(22128,4840,4375,4358),(22129,4840,4375,6086),(22313,3737,1218,679),(22320,3737,636,1688),(22365,3737,1474,644),(22368,3737,609,1212),(22614,3737,644,342),(22620,3737,644,649),(22625,3737,644,502),(22634,3737,644,1524),(22688,3737,1206,609),(22695,3737,666,669),(22735,3737,665,1354),(22751,3737,664,665),(22923,837,599,520),(23040,837,1203,599),(23084,2183,3885,3361),(23252,2183,342,2188),(23299,2183,3339,2042),(23303,2183,3156,2188),(23323,2183,3577,2188),(23431,2923,4150,2134),(23435,2923,6748,2131),(23995,2193,3382,3395),(24029,2193,0,3395),(24067,2222,2179,2241),(24197,2222,3797,3861),(24375,2468,3751,4009),(24463,2468,3747,3859),(24465,2468,3473,3751),(24485,2468,5761,3751),(24541,1548,1218,1194),(24562,1548,1194,1218),(24603,4947,3931,3121),(24748,2835,16,1382),(24781,879,1969,1960),(24782,879,3320,1960),(24970,1316,3849,3861),(25019,1316,3502,3660),(25027,1316,3502,3536),(25048,1316,3751,3747),(25467,1316,4014,3849),(25527,1316,3678,3877),(25529,1316,3678,3458),(25555,1316,3646,3717),(25603,4609,3386,3364),(25710,4609,3391,3374),(25780,476,4119,3980),(25813,4296,1055,4166),(25904,4296,1517,548),(25922,4296,1212,4166),(26012,4296,1525,1055),(26043,4296,1525,1276),(26075,4296,469,1055),(26098,4296,1280,699),(26135,4296,1538,478),(26324,4296,1367,1056),(26372,4296,1352,585),(26408,4296,1474,3986),(26476,4296,304,1064),(26484,4296,304,1280),(26569,4296,373,1222),(26578,4296,599,1218),(26631,4296,599,1075),(26664,4296,535,599),(26670,4296,535,669),(26680,4296,535,1251),(26733,4296,523,1051),(26779,4296,1626,582),(27074,4296,517,1055),(27121,4296,1270,548),(27124,4296,1638,302),(27161,4296,1054,1246),(27353,4296,1353,5673),(27431,4296,4198,1056),(27495,4296,1636,548),(27526,4296,1567,304),(27569,4296,3998,1230),(27600,4296,3998,478),(27653,4296,1562,668),(27936,4296,548,1567),(28040,4296,1056,304),(28208,4296,1448,355),(28254,4296,680,603),(28449,14485,2188,3125),(28492,14485,1175,2188),(28553,1790,2531,2572),(28559,1790,2531,4214),(28615,1790,2537,2610),(28642,1790,2556,2610),(28653,1790,2559,2564),(28759,1790,2590,2560),(28810,1790,1762,3576),(29334,2575,3131,3017),(29358,2575,3093,3043),(29381,2575,3104,3093),(29464,329,2191,2170),(29509,329,2191,3015),(29514,329,2191,2964),(29550,2520,3288,3275),(29636,2520,3940,3339),(29650,2520,3247,3240),(29924,2638,2064,2057),(30037,921,0,8628),(30038,921,5448,0),(30049,921,0,0),(30071,921,0,5442),(30072,921,0,5444),(30174,690,3375,6434),(30178,690,3375,3384),(30225,690,7503,3368),(30246,690,6345,3366),(30360,690,3373,3384),(30402,690,6963,3394),(30600,4737,2665,2656),(30613,4737,2650,2665),(30651,2688,3728,2276),(30720,2682,253,248),(30820,3661,1613,1474),(30846,3661,1613,1056),(30857,16625,6448,6449),(30902,3081,3404,3406),(31020,3081,3383,3391),(31028,2684,1064,1399),(31057,2684,302,1743),(31098,2684,310,309),(31113,1769,345,629),(31208,2660,3393,3386),(31242,2660,3395,3399),(31336,2660,3077,3364),(31348,2660,2937,6954),(31351,2660,6411,3364),(31375,2660,3394,3364),(31385,2660,2948,3364),(31456,2660,3364,2927),(31520,2660,4030,3386),(31542,2660,3374,3368),(31724,5039,580,1458),(31735,5039,580,1562),(31812,5039,1051,580),(31919,5039,1550,580),(31986,5281,2980,4029),(32156,10955,2206,2207),(32169,10955,2221,2207),(32192,2822,1230,302),(32276,2822,1218,1382),(32333,2822,1218,1214),(32388,2822,3885,507),(32591,2822,507,2057),(32594,2822,507,467),(32628,2822,507,3577),(32638,2822,2789,1229),(32652,2822,1054,1386),(32709,2822,1229,1638),(32715,2822,1229,3576),(33078,4797,5418,4074),(33082,4797,5414,6919),(33091,3463,1506,1678),(33135,3463,1555,1759),(33148,3463,1051,1550),(33181,3463,1524,351),(33218,3463,350,1509),(33361,2922,5935,4331),(33392,2922,2106,2157),(33424,2922,4330,2177),(33471,2922,4331,2177),(33498,2922,2157,2110),(33705,5496,3980,4119),(33710,5496,3980,2082),(33711,5496,3980,3975),(33728,231,1605,1596),(33906,6557,3404,3376),(33953,6557,3366,3364),(34142,4867,2699,4305),(34143,4867,2699,3988),(34155,4867,2709,2564),(34260,4867,2560,2618),(34291,4867,2564,2851),(34355,4867,3484,2789),(34389,4867,3576,2564),(34390,4867,3576,2551),(34410,4867,2647,2650),(34532,2987,2305,3930),(34570,2987,2359,2316),(34574,2987,2359,2287),(34597,2987,2359,3942),(34632,2987,2334,2344),(34703,2987,2397,2279),(34899,83,1190,1569),(34919,3052,2006,2042),(34934,3052,3320,3351),(34961,3052,3999,3341),(34963,3052,3999,3322),(35033,3052,3328,3320),(35110,3290,3919,3240),(35117,3290,3903,3898),(35180,3290,3914,3916),(35185,3290,3247,3250),(35195,3290,3898,3273),(35279,3290,3928,3256),(35325,2991,580,1739),(35382,2991,1569,1739),(35455,14849,1953,1754),(35543,10765,5741,3696),(35678,2056,3364,3077),(35683,2056,3035,3077),(35694,2056,3383,3077),(35732,1006,2908,3304),(35759,1006,4357,2908),(35789,1006,2917,2908),(35811,1006,2910,1701),(35869,3163,2370,6005),(35874,3163,2287,3930),(35889,3163,2378,3992),(35922,3163,3930,3885),(35939,3163,3930,2188),(35941,3163,3930,2305),(36002,3163,3930,3379),(36070,3163,2372,3942),(36159,3090,4019,3682),(36178,3090,580,2908),(36194,3090,580,490),(36215,3090,580,535),(36284,3090,580,3406),(36395,3090,3682,3877),(36446,3090,3682,3613),(36448,3090,3682,4014),(36504,3090,3448,580),(36546,3090,4015,3682),(36555,3090,3819,3682),(36599,3090,599,3682),(36640,3090,2560,580),(36657,3090,4120,3386),(36700,3090,3797,1218),(36768,3090,907,1005),(36792,3090,3576,3682),(36923,3090,350,3682),(36941,3090,3646,3682),(37080,10741,3393,6341),(37119,10741,6341,6344),(37189,3126,1013,4059),(37317,1844,2912,6156),(37540,16942,1094,1084),(37571,3200,2802,2789),(37661,3200,1909,2789),(37727,3200,2745,2709),(37766,3200,2647,2496),(38034,3320,3448,346),(38161,3320,345,1246),(38352,3320,340,1486),(38381,3320,668,340),(38418,3320,342,679),(38518,3320,273,275),(38529,3320,1229,346),(38786,3320,1190,346),(38804,3320,351,302),(38832,3320,1246,345),(38921,3251,2881,2877),(39020,3258,5699,1157),(39042,3258,1157,1128),(39213,3026,1055,523),(39219,3026,1230,514),(39246,3026,465,1056),(39331,3026,534,4315),(39387,3026,517,1056),(39418,3026,478,1458),(39427,3026,478,1562),(39502,3026,1056,517),(39506,3026,1551,535),(39537,3865,5751,3714),(39603,4559,340,2241),(39678,4559,478,1678),(39680,4559,1606,1678),(39701,4559,3998,1678),(39753,4559,1678,1509),(39915,15893,1128,1132),(39952,246,0,8259),(39992,1066,1353,918),(40141,5484,3371,3395),(40155,5484,3371,3379),(40209,5484,6345,3371),(40230,5484,3386,4033),(40268,5484,6386,6395),(40297,5484,3394,6386),(40322,5484,3388,4144),(40340,5484,4144,3388),(40401,5484,3399,3375),(40536,3378,3903,3408),(40538,3378,3262,3269),(40645,3378,3304,3179),(40721,3378,3265,6220),(40731,3378,3266,3304),(40825,3378,3383,3304),(40878,4750,3316,3310),(40945,3342,3024,994),(40978,1057,799,893),(41135,2143,260,1128),(41254,2143,1555,1128),(41329,2143,4057,2072),(41330,2143,4057,2176),(41345,1758,580,609),(41382,1758,3370,2279),(41388,1758,3370,6392),(41475,1758,3395,3387),(41478,1758,3395,3391),(41489,1758,4109,3404),(41494,1758,4109,3374),(41521,1758,3404,3379),(41550,1758,340,3406),(41595,1758,3386,3077),(41621,1758,3077,6383),(41818,1758,6379,3391),(41851,1758,6431,3376),(41876,1758,6383,3077),(41897,1758,3222,3382),(41942,1758,6341,6359),(41949,1758,6341,6360),(41979,1758,3388,6346),(42083,1758,3406,7506),(42190,1758,3406,156),(42311,1758,3374,3391),(42341,1758,3390,6347),(42415,1758,3399,3397),(42477,1758,6390,3395),(42741,524,1997,5909),(42848,324,2305,3942),(42856,324,2378,3992),(42866,324,3386,3992),(42876,324,2288,2359),(42878,324,2288,3942),(42919,324,2359,346),(42960,324,3930,2384),(42965,324,2295,2313),(43012,324,3992,2246),(43043,324,2322,2287),(43068,324,2390,2387),(43084,324,3942,2305),(43201,324,3830,3682),(43229,324,2347,2322),(43304,3574,2555,2541),(43312,3574,7384,2555),(43364,4687,3751,3830),(43375,4687,3670,3697),(43469,4687,3484,3533),(43533,4687,1897,3533),(43546,4687,3793,3524),(43549,4687,1892,3533),(43626,4311,2082,2207),(43653,16136,3375,6392),(43698,16136,6392,3375),(43758,1539,1052,1056),(43933,345,6268,3351),(43990,345,3364,3406),(43993,345,3351,9090),(44186,3764,2621,2569),(44193,3776,1459,1461),(44195,3776,3941,1459),(44200,3776,3941,1460),(44236,3776,3941,1190),(44251,3776,4191,3941),(44255,3776,4192,1464),(44288,3776,1472,3941),(44347,18732,3157,3304),(44432,1946,1582,1587),(44564,491,1474,1613),(44633,491,346,1613),(44697,491,1613,345),(44737,491,1613,1606),(44781,491,2988,1613),(44923,2218,3959,415),(44936,28,2006,2279),(44950,28,3275,3930),(45001,28,2359,3930),(45031,28,3930,2359),(45036,28,3930,2264),(45199,4066,1016,907),(45413,3926,1688,1665),(45422,3926,4315,302),(45475,3926,9044,1706),(45660,1422,3885,2279),(45669,1422,3885,3120),(45848,3871,3125,2206),(45861,3871,2207,3093),(45872,3871,2207,2194),(45901,3871,2074,2214),(45920,3871,2219,5940),(45976,3871,2221,5951),(46010,5016,1053,1057),(46076,12978,3372,3375),(46143,3952,3728,2397),(46206,3952,2397,2372),(46238,3952,3316,2397),(46288,5282,2939,580),(46329,5282,2939,1056),(46451,328,5430,5428),(46463,328,5,3320),(46582,13108,3153,3156),(46686,11838,161,192),(46760,4089,3319,3322),(46812,4089,3320,3351),(46889,4089,2188,599),(46927,4089,3077,3320),(47033,4089,2279,3321),(47059,4089,3351,3339),(47079,4089,3406,3339),(47087,4089,2650,2006),(47121,4089,3361,3077),(47130,4089,3361,6300),(47132,4089,3361,3388),(47135,4089,3361,3321),(47159,4089,679,2188),(47177,19305,3903,3275),(47213,19305,3928,3908),(47244,882,2960,2912),(47269,1206,2850,2851),(47652,3233,3115,3199),(47658,3233,4143,3120),(47704,2857,3157,3928),(47886,881,666,636),(47899,3391,3275,3885),(47905,3391,3940,3316),(47970,4259,2172,2170),(47975,4259,1154,2170),(47981,4259,2997,2170),(47986,4259,3093,2170),(48146,19676,3069,3885),(48255,241,3093,3131),(48312,241,3063,3093),(48419,4304,1636,1229),(48431,4304,1633,1638),(48437,4304,1617,1633),(48505,4329,4029,1528),(48557,4329,4029,2992),(48700,4329,2917,4029),(48723,4329,6152,4029),(48794,4305,1084,3714),(48795,4305,1084,813),(48825,4305,811,813),(48986,4599,3370,6391),(49100,4599,3387,3372),(49102,4599,3388,3385),(49152,4599,3390,3388),(49205,4599,2276,3390),(49211,4599,3368,3390),(49380,4375,3131,3144),(49401,4375,3137,3144),(49513,4375,3144,3043),(49552,4375,3084,3093),(49582,4438,503,499),(49601,4454,3903,3275),(49776,4319,737,3953),(49867,4319,609,1555),(49885,4319,609,742),(50161,4319,663,635),(50433,4435,1128,2188),(50503,4435,1524,1218),(50570,4435,3316,3898),(50695,2547,3989,737),(50702,2547,339,3998),(50759,130,2965,2958),(50808,130,338,2985),(50870,130,2927,4078),(51011,130,2372,2934),(51016,130,2964,1688),(51097,130,2985,1579),(51127,130,2985,4078),(51131,130,2985,1587),(51145,130,2985,2975),(51468,4533,2176,2074),(51590,4533,2090,2064),(51595,4533,2089,2064),(51760,2117,532,541),(51805,4965,1371,1335),(51818,4965,1386,1270),(51830,2622,2789,2564),(51885,4897,523,1056),(52038,4940,3885,3393),(52096,4940,3885,3177),(52114,4940,3393,3885),(52126,4940,3940,3885),(52143,4940,3141,3885),(52169,4940,478,737),(52201,4940,3177,3885),(52208,18529,3517,3589),(52230,4951,1706,1682),(52263,4951,1688,3989),(52300,4951,3320,3885),(52395,4951,1721,4317),(52416,4951,1689,4317),(52470,4951,1701,1739),(52572,4951,1701,348),(52596,4951,1701,1524),(52690,4951,5796,1701),(52693,4951,3304,3885),(52705,4951,348,1701),(52720,4951,2194,1701),(52727,4951,3156,3024),(52754,4951,7490,1701),(52760,4951,2947,1701),(52800,4951,4317,2176),(52937,9541,979,974),(52990,8745,1055,521),(53003,8745,1230,478),(53038,8745,469,3998),(53042,8745,4315,502),(53208,8745,502,3998),(53224,8745,1399,1551),(53288,8745,478,3998),(53293,8745,478,1236),(53295,8745,478,1102),(53318,8745,521,1055),(53322,8745,521,1626),(53354,8745,1386,293),(53428,8745,4057,478),(53498,5013,1852,502),(53611,4869,248,1638),(53684,4869,1638,210),(53739,4869,1638,3752),(53774,4869,346,1638),(53796,4869,1636,1633),(53970,1317,1761,1759),(53983,1317,1923,1918),(54106,4870,302,293),(54115,4870,293,340),(54157,4870,286,1353),(54167,4870,1524,287),(54180,4870,231,287),(54324,567,916,1386),(54441,2297,737,1665),(54476,2297,465,1212),(54569,2297,302,1335),(54589,2297,4053,535),(54633,2297,1382,1324),(54735,2297,535,548),(54747,2297,1626,521),(54755,2297,1555,609),(54804,2297,1665,1264),(54860,2297,1452,1665),(54926,2297,502,4315),(54943,2297,502,535),(54979,2297,502,1524),(55016,2297,1399,1273),(55022,2297,1638,1264),(55147,2297,478,1665),(55191,2297,1524,1382),(55254,2297,1354,1075),(55272,2297,1418,1555),(55283,2297,1520,337),(55341,2297,1562,492),(55378,2297,1486,478),(55397,2297,548,1519),(55439,2297,337,492),(55458,2297,1612,337),(55553,5234,4029,7563),(55601,5234,2952,2983),(55619,5234,2960,2983),(55621,5234,4118,8076),(55623,5234,4118,2979),(55644,5234,2948,3964),(55662,5234,2972,4029),(55680,5234,4078,2923),(55724,5234,2983,4274),(55733,5234,7563,2948),(55799,5209,2976,2922),(55814,5209,2895,3714),(55822,5209,3673,3550),(55854,5209,1120,4059),(55900,5209,302,245),(56025,5209,3759,3714),(56069,5209,3627,3830),(56101,5209,3751,3819),(56172,5209,3751,3720),(56233,5209,1084,4162),(56248,5209,3729,3830),(56306,5209,3494,3486),(56374,5209,3494,1754),(56436,5209,1555,3714),(56568,5209,3504,3751),(56789,5209,3550,3473),(57012,5209,3484,1840),(57057,5209,1638,3494),(57074,5209,3652,3550),(57078,5209,1780,3494),(57173,5209,3459,3830),(57205,5209,3515,3494),(57429,5209,3720,3751),(57500,5209,1871,3494),(57535,5209,3626,3550),(57540,5209,3608,3494),(57570,5209,1892,3494),(57612,5209,1762,3494),(57651,5209,3469,3077),(57673,5209,3469,346),(57769,5209,3678,3486),(57803,5209,3646,3875),(57897,5209,166,3830),(57901,5209,178,3830),(57916,5209,193,3550),(57924,5209,193,3469),(58007,11811,2985,2939),(58013,4349,2179,2170),(58120,5067,1230,2988),(58294,5067,7447,4029),(58325,5067,4367,2988),(58341,5067,2975,3885),(58362,5067,2988,2965),(58616,5265,3673,3830),(58725,5265,3578,3876),(58756,5265,3876,4286),(58836,5265,3876,3454),(58904,5265,1852,3670),(58973,5265,3520,4011),(59044,5265,3670,3719),(59140,5265,3670,3570),(59221,5265,599,3752),(59256,5265,1555,3752),(59274,5265,340,2241),(59300,5265,4063,3670),(59344,5265,3728,3462),(59401,5265,1701,1678),(59479,5265,3877,3797),(59504,5265,3484,3550),(59614,5265,5753,3876),(59652,5265,3542,3876),(59733,5265,3576,1881),(59825,5265,346,813),(59877,5265,3830,3825),(59899,5265,3830,3670),(59908,5265,3830,1555),(60048,5265,3752,3488),(60151,5265,3462,3729),(60181,5265,3462,3454),(60211,5265,3570,3825),(60293,5265,3793,3830),(60319,5265,3621,3830),(60321,5265,3621,3462),(60378,5265,1840,3876),(60424,5265,3678,3462),(60625,90,1229,1084),(60638,90,1229,2789),(60646,90,1229,1386),(60667,90,1214,1055),(60695,90,1253,3998),(60733,1886,2851,2846),(60775,1886,2850,2902),(60797,1669,1555,1735),(60827,151,1264,1321),(60889,151,1418,1551),(60978,5360,3682,3585),(60993,5360,3320,3341),(60996,5360,3320,4218),(61008,5360,3320,6242),(61023,5360,3320,3330),(61036,5360,3356,3339),(61153,5360,3351,0),(61185,5360,7577,3351),(61215,5360,3361,6242),(61294,10646,1825,1852),(61354,9666,2851,2856),(61390,5651,3205,4168),(61444,5309,2305,3199),(61455,5309,3199,4029),(61509,5309,2279,3199),(61629,5041,5674,1103),(61664,5347,3682,3488),(61729,5347,535,507),(61784,5347,507,3364),(61791,5347,478,3682),(61849,692,5890,1987),(61898,692,4075,1959),(61993,5331,3670,3469),(62056,2439,1230,1218),(62117,2439,1218,1509),(62126,2439,1218,535),(62243,2439,488,1212),(62258,2439,1555,1218),(62297,2439,1220,1218),(62329,2439,1353,3998),(62369,2439,3998,1212),(62580,16660,2789,2787),(62619,5461,1218,668),(62637,5461,1739,699),(62695,5461,1367,1194),(62721,5461,1652,1246),(62757,5461,585,1739),(62900,5461,699,1739),(63027,5461,0,691),(63069,5461,680,1367),(63088,970,3224,3239),(63126,4292,1165,1187),(63167,5439,636,659),(63206,5439,641,663),(63263,5439,651,647),(63265,5439,5582,652),(63314,5439,5587,4252),(63334,5439,665,5582),(63339,5439,665,664),(63493,4547,3673,3533),(63546,4547,3690,3861),(63588,4547,3849,3673),(63611,4547,3849,3484),(63655,4547,3876,3747),(63690,4547,3627,3751),(63735,4547,3751,3720),(63783,4547,3494,3678),(63836,4547,3566,3690),(63863,4547,3566,3861),(63891,4547,3585,3458),(64004,4547,3660,3502),(64057,4547,3878,3580),(64110,4547,3747,3473),(64142,4547,3473,3878),(64160,4547,3717,3858),(64201,4547,3453,3751),(64251,4547,3720,3748),(64259,4547,3752,3878),(64275,4547,3462,3645),(64318,4547,3570,3566),(64360,4547,3793,3682),(64406,4547,3621,3678),(64452,4547,2890,3878),(64579,5416,1852,73),(64652,5416,1836,156),(64688,5416,49,178),(64689,5416,49,184),(64725,5416,117,70),(64770,5416,156,120),(64826,5416,178,87),(64869,5416,193,3877),(64888,5416,193,3646),(64996,13757,2944,1525),(65015,13757,2945,1222),(65031,1441,16,1382),(65053,1792,503,299),(65117,3778,2194,1128),(65202,2681,344,1056),(65260,2681,352,1055),(65285,2681,1452,342),(65329,2681,347,6510),(65396,1775,3576,4012),(65532,4573,1335,1706),(65541,4573,350,1706),(65543,4573,1435,1706),(65690,3754,2090,2064),(65741,5325,1804,3747),(65754,5325,1804,1846),(65763,5325,1816,1824),(65798,5325,1824,3731),(65959,13088,2964,4118),(65974,16725,7373,2621),(66251,16133,6182,3125),(66257,16133,3125,0),(66337,603,2802,2762),(66381,18825,2910,2916),(66576,220,3998,492),(66590,220,1551,502),(66593,220,1550,478),(66608,9809,2370,6003),(66613,9809,3930,3885),(66646,4611,3370,6384),(66745,4611,3395,4109),(66784,4611,3395,3376),(66786,4611,3395,3396),(66834,4611,3385,4108),(66876,4611,3386,3373),(66895,4611,3400,3374),(66931,4611,6386,6395),(67000,4611,4033,3395),(67032,4611,3388,3373),(67088,4611,3364,3389),(67137,4611,3364,6430),(67251,4611,3374,6357),(67284,4611,3368,6430),(67294,4611,3399,3375),(67317,4611,3376,3395),(67337,4611,6390,3364),(67360,4611,3379,3394),(67375,4611,3379,3392),(67382,4611,3383,3373),(67422,4611,6393,3364),(67449,21,209,1386),(67469,21,1423,210),(67662,19016,2912,2913),(44219,3776,3941,507);
/*!40000 ALTER TABLE `routes` ENABLE KEYS */;
UNLOCK TABLES;
/*!40103 SET TIME_ZONE=@OLD_TIME_ZONE */;

/*!40101 SET SQL_MODE=@OLD_SQL_MODE */;
/*!40014 SET FOREIGN_KEY_CHECKS=@OLD_FOREIGN_KEY_CHECKS */;
/*!40014 SET UNIQUE_CHECKS=@OLD_UNIQUE_CHECKS */;
/*!40101 SET CHARACTER_SET_CLIENT=@OLD_CHARACTER_SET_CLIENT */;
/*!40101 SET CHARACTER_SET_RESULTS=@OLD_CHARACTER_SET_RESULTS */;
/*!40101 SET COLLATION_CONNECTION=@OLD_COLLATION_CONNECTION */;
/*!40111 SET SQL_NOTES=@OLD_SQL_NOTES */;

-- Dump completed on 2019-04-18 14:28:07
